dimension,precision_at_5,precision_at_10,precision_at_15
1,0.67375,0.72375,0.7366666666666667
2,0.7074999999999999,0.7484375,0.765
4,0.7206249999999998,0.7615624999999999,0.7708333333333333
6,0.7324999999999999,0.7693749999999999,0.775
8,0.74,0.78,0.7858333333333333
10,0.75125,0.7896875000000001,0.7929166666666667
12,0.7581249999999999,0.795625,0.7995833333333333
14,0.759375,0.8012500000000001,0.8066666666666666
16,0.7693749999999999,0.809375,0.8125
18,0.77125,0.8137500000000001,0.8179166666666667
20,0.7712499999999999,0.815625,0.8241666666666667
22,0.7799999999999999,0.8187500000000002,0.8275000000000002
24,0.788125,0.8256250000000002,0.8318749999999999
26,0.7943749999999999,0.8328125,0.8379166666666666
28,0.8025,0.835625,0.8445833333333332
30,0.806875,0.8406250000000002,0.8483333333333334
32,0.8162499999999999,0.8459375000000001,0.8541666666666666
34,0.818125,0.849375,0.8583333333333334
36,0.828125,0.85875,0.8622916666666669
38,0.8212499999999998,0.8553125000000001,0.8647916666666667
40,0.8399999999999999,0.8640625,0.8706250000000001
42,0.8481249999999999,0.8650000000000002,0.8689583333333335
44,0.8487500000000001,0.8706250000000001,0.8745833333333334
46,0.8537500000000001,0.8746875000000001,0.8785416666666667
48,0.846875,0.8756250000000001,0.8814583333333333
50,0.853125,0.8825000000000001,0.8858333333333335
52,0.8581249999999999,0.8875,0.8875
54,0.8612500000000001,0.8878125000000001,0.8904166666666669
56,0.8681249999999998,0.8928125000000001,0.8966666666666668
58,0.8693749999999998,0.8962500000000002,0.9
60,0.8731249999999999,0.896875,0.9008333333333335
62,0.881875,0.9018750000000001,0.9056250000000002
64,0.8825,0.9034375000000001,0.9077083333333335
66,0.8825,0.9081250000000001,0.9102083333333335
68,0.8818750000000002,0.9121875000000002,0.9106250000000001
70,0.8887499999999999,0.9128125,0.9147916666666667
72,0.889375,0.9146875000000001,0.9154166666666669
74,0.8925000000000001,0.9181250000000002,0.9179166666666667
76,0.8943749999999999,0.9221875,0.9237500000000001
78,0.9,0.9218750000000002,0.9229166666666668
80,0.8962499999999999,0.9243750000000001,0.9243750000000001
82,0.903125,0.9312500000000001,0.9272916666666667
84,0.9025000000000001,0.9309375,0.9289583333333334
86,0.9125,0.9296875000000002,0.9327083333333335
88,0.905,0.9350000000000002,0.9347916666666668
90,0.91375,0.9328125,0.9360416666666668
92,0.9193749999999999,0.9393750000000001,0.9381250000000001
94,0.9143749999999999,0.9400000000000002,0.9397916666666667
96,0.923125,0.943125,0.9408333333333335
98,0.9225000000000001,0.9428125000000002,0.9422916666666667
100,0.9256250000000001,0.946875,0.9452083333333334
102,0.9293750000000001,0.94625,0.94625
104,0.9268750000000001,0.9487500000000001,0.9491666666666667
106,0.9331250000000001,0.9506249999999999,0.9527083333333334
108,0.931875,0.9493750000000001,0.9516666666666668
110,0.9356249999999999,0.9534375,0.9539583333333332
112,0.9349999999999999,0.9528125,0.9537500000000001
114,0.93625,0.9556250000000001,0.95625
116,0.9425000000000001,0.9574999999999999,0.9570833333333335
118,0.9400000000000001,0.959375,0.959375
120,0.944375,0.9603125,0.9589583333333334
122,0.9393750000000001,0.96,0.9600000000000002
124,0.9481250000000001,0.9578125,0.9631250000000001
126,0.9524999999999999,0.9646875000000001,0.9637500000000001
128,0.9512499999999999,0.9650000000000001,0.9616666666666667
130,0.9487500000000001,0.9659375000000001,0.9647916666666667
132,0.9506249999999999,0.9646875000000001,0.9662499999999999
134,0.9537500000000001,0.9628125000000001,0.9652083333333333
136,0.9581250000000001,0.9712500000000001,0.9679166666666668
138,0.959375,0.9681249999999999,0.9679166666666668
140,0.96125,0.9684375000000001,0.9689583333333335
142,0.9556250000000001,0.9675,0.9695833333333335
144,0.9618749999999998,0.9715624999999999,0.9729166666666668
146,0.96,0.9734375,0.9702083333333335
148,0.95625,0.9721875000000001,0.9712500000000001
150,0.9606250000000001,0.97,0.9720833333333335
152,0.9568749999999999,0.9737500000000001,0.9727083333333335
154,0.960625,0.9721875000000001,0.9725000000000001
156,0.9668750000000002,0.9731249999999999,0.974375
158,0.9662499999999999,0.9731249999999999,0.9779166666666669
160,0.9712499999999998,0.9759374999999999,0.9789583333333333
162,0.9668749999999999,0.9734375,0.9789583333333333
164,0.96875,0.9771875000000001,0.9787500000000001
166,0.9662500000000002,0.9765625,0.9797916666666667
168,0.96875,0.9793750000000001,0.9793750000000001
170,0.97,0.9809374999999999,0.9802083333333333
172,0.9725000000000001,0.9806250000000002,0.9808333333333333
174,0.9693750000000001,0.9800000000000001,0.9804166666666667
176,0.9712500000000002,0.9796875,0.9800000000000001
178,0.9693750000000001,0.978125,0.9810416666666667
180,0.9712500000000002,0.9818749999999999,0.98125
182,0.97,0.9821875000000002,0.9824999999999999
184,0.9737500000000001,0.9806250000000002,0.9839583333333334
186,0.974375,0.9793749999999999,0.9839583333333334
188,0.9743749999999999,0.9828125,0.9818750000000002
190,0.9793750000000001,0.98125,0.9825000000000002
192,0.9793750000000001,0.9796875,0.9822916666666668
194,0.978125,0.9824999999999999,0.9852083333333335
196,0.9800000000000001,0.98125,0.9852083333333332
198,0.98125,0.9821875,0.9847916666666668
200,0.98125,0.98125,0.9872916666666667
202,0.9800000000000001,0.9818750000000002,0.9860416666666667
204,0.9818749999999999,0.98125,0.9850000000000001
206,0.984375,0.9806250000000001,0.9856250000000001
208,0.9837499999999999,0.9818749999999999,0.9877083333333333
210,0.983125,0.9834375,0.9860416666666667
212,0.9856250000000001,0.984375,0.9870833333333333
214,0.9850000000000001,0.9825000000000002,0.9877083333333333
216,0.9824999999999999,0.9821875,0.9900000000000002
218,0.9875,0.9859375,0.9885416666666668
220,0.985625,0.985,0.9887499999999999
222,0.985625,0.984375,0.9900000000000002
224,0.9881250000000001,0.9840625000000001,0.9906250000000002
226,0.9893750000000001,0.985625,0.9904166666666668
228,0.9887499999999999,0.985625,0.9902083333333334
230,0.9881250000000001,0.9859375,0.9912500000000002
232,0.9893749999999999,0.9890625,0.990625
234,0.990625,0.9881249999999999,0.99125
236,0.9893750000000001,0.9903124999999999,0.9918750000000001
238,0.99,0.9896875000000002,0.9908333333333335
240,0.9887499999999999,0.9903124999999999,0.990625
242,0.9931249999999998,0.990625,0.9918750000000001
244,0.9924999999999999,0.9912500000000002,0.9916666666666668
246,0.9924999999999999,0.9912500000000002,0.9922916666666666
248,0.994375,0.9925,0.9920833333333334
250,0.9925,0.9921875,0.9920833333333334
252,0.9949999999999999,0.9915625,0.993125
254,0.99375,0.9915625,0.9925
256,0.99375,0.9925,0.99375
258,0.99375,0.99375,0.9935416666666667
260,0.99375,0.9934375,0.9941666666666666
262,0.9943750000000001,0.9925,0.9935416666666667
264,0.9949999999999999,0.9925,0.9947916666666667
266,0.9956250000000001,0.9934375,0.9949999999999999
268,0.9956250000000001,0.9931249999999998,0.9958333333333333
270,0.9962499999999999,0.9928125,0.9954166666666666
272,0.9962499999999999,0.9934375,0.9960416666666667
274,0.9962499999999999,0.9940625000000001,0.9966666666666667
276,0.9962499999999999,0.9943750000000001,0.996875
278,0.996875,0.994375,0.996875
280,0.996875,0.9949999999999999,0.9975000000000002
282,0.996875,0.9946875000000001,0.9970833333333335
284,0.9981249999999999,0.9949999999999999,0.9970833333333335
286,0.9981249999999999,0.9956250000000001,0.9977083333333334
288,0.9981249999999999,0.9959374999999999,0.9979166666666668
290,0.99875,0.9953125,0.9979166666666668
292,0.9981249999999999,0.9953125,0.9985416666666668
294,0.999375,0.9962499999999999,0.99875
296,0.999375,0.9959374999999999,0.9989583333333334
298,0.999375,0.996875,0.9989583333333334
300,0.999375,0.9974999999999999,0.9989583333333334
302,0.999375,0.9978124999999999,0.99875
304,0.999375,0.9974999999999999,0.9989583333333334
306,0.999375,0.9978124999999999,0.9989583333333334
308,1.0,0.9981249999999999,0.9991666666666668
310,1.0,0.9984375,0.999375
312,1.0,0.9990625000000002,0.9997916666666666
314,1.0,0.999375,0.9997916666666666
316,1.0,0.9996875,0.9997916666666666
318,1.0,1.0,1.0
320,1.0,1.0,1.0
