image_embedding,reference_embedding
"[-0.14244613570405582, 0.9169183463215883, 0.3776518623284092, -0.03616972745813875]","[0.8751857902084011, -0.3963023898890012, 0.662238299152702, -0.10710454602019931]"
"[-1.3498976061758472, -2.0926872395063523, 0.9817493256623736, 1.620654160593358]","[1.6114713068851179, -1.066869336208736, -0.056018348756196594, -1.0664370926319868]"
"[1.4349321902486494, -0.1589703965072642, -0.34088779332807095, -2.3065866799055352]","[-1.1932067954633374, 0.24813333631511303, -0.4539236774029178, 0.16287729988159608]"
"[-1.967030781521338, -0.6358555862233348, 1.4380701136699081, 1.5093442248055249]","[-0.7409124888478654, -0.5952914861134184, -1.6576323147661896, -1.1504899361680276]"
"[-0.17085030814021537, 2.1189387857379507, 2.7524797273160493, -1.6169515235029115]","[1.9088233884660077, -1.073579480426609, 0.17509142093226557, 0.6473832189790438]"
"[-0.19343394337413827, 2.043020118351305, 2.6451155905693207, 0.47485831330749984]","[1.6698866775418055, -0.8178756131484984, -0.19030719039509505, 0.7206005553470302]"
"[0.46508142196562524, 1.6685061967903898, 1.1504041222882182, 0.47057015782765066]","[-1.4146645031342147, -0.5094947966645881, -0.37949600323936106, 0.7289029195678514]"
"[1.053316704821229, 2.8394076076950188, 0.3393904972422157, 2.5990727554293818]","[0.26846784835086296, 0.22485648077703135, -0.7233347188980657, 0.5380630596715936]"
"[-2.515656620475439, 2.552445159346782, -0.1939624978431861, 1.6368319256730939]","[-0.12311287608267162, -0.8186482026084843, 0.09427046120833027, -1.2585719874680017]"
"[-0.5306638806412847, 1.0971687056583876, -0.018989028677522175, 2.766444406324421]","[1.329569888624134, 0.36765365583693, -0.20143078041208878, -0.8177728227778595]"
"[0.1776438873497124, 0.8411864973162141, -0.0745187243064552, 0.11053725411517315]","[0.7108869798794016, 0.7288623208559517, 0.5877563738483027, -0.10609108248392583]"
"[-0.20126635809152285, 0.630373089301155, 1.0177177153036694, 0.8896479253277431]","[0.8778769937823028, -0.3298902264806466, 0.48468643547086115, -1.5624602382779635]"
"[2.6212914448120945, -1.0156045579771475, -1.1158270571973041, 0.9213742328875272]","[1.3854431623643826, 1.6939742722513016, 0.879772694083549, 0.3183711972556764]"
"[-0.6604190247180975, -1.6911741975194774, 0.7643058158187087, 1.3807278433156729]","[-0.4374135724168116, -0.253824754620232, -0.4636507516890087, -0.8036771538660507]"
"[-3.0685389905925997, 1.2896420057805507, -2.098588856533068, 1.5162016836991987]","[1.3799136096365638, -0.9582009203050322, 0.2809845474126385, -0.762499056043857]"
"[0.6799763225548747, 1.9133660606082308, 2.0135578528345692, -3.292994778587832]","[-0.9840052300394997, -0.45762858255324035, -0.4063235599418764, 1.1132849522473376]"
"[1.6048170069311805, 1.2632573466474863, -1.4573483589757878, -0.8287803191758495]","[-2.065868343932822, 0.06960824342514324, 0.5667540990706379, 1.0679302377374096]"
"[1.5644861385501194, 0.6199337273779442, -0.7630363002118014, 1.1477139515020316]","[-1.7253336990263237, 0.19498209016937168, 1.0499539010737706, 0.07364860222035093]"
"[-0.6094408436671245, 1.4964950185843875, 0.9770232724738444, -3.2075265101262613]","[1.1101450524328378, -1.3264013691112044, 1.109371185174032, 0.44441194946585816]"
"[-0.09022670881914682, 1.5891185458424806, 2.036889973372239, -1.9637859318984188]","[0.5418957740077995, -0.9945857800689237, 1.1049500518419577, 0.5561377857859521]"
"[-1.5471433857286259, -2.2410100135149444, 0.27316730217119695, 0.0832601947196141]","[-0.16659984397974603, -0.3096763328505456, -1.4041957747889657, -1.1324988903529891]"
"[-2.583686594335257, 1.4254986337026196, -1.8042076826444875, 1.8207572153465625]","[1.9664375351493488, -0.7897199701681981, -0.5436344358727958, -0.9593369733869588]"
"[-0.719293581759079, 1.761110329280575, 0.04051524979274542, 0.8214301222822142]","[1.8165056746979615, -0.571894053077298, -0.47707891050459206, 1.106618357442423]"
"[-0.23306712009374372, -0.8369096783449123, -2.244868464240891, -0.8712742735590572]","[-0.4904381549081755, 0.13419834267138084, 1.5570468982161965, 0.12611544898046848]"
"[-2.5140976305837217, -1.064825482239569, 0.43331952360168874, 1.9250046526325186]","[-3.071197895956986, -0.9086775488523485, -1.3433195149131931, -2.3992849893745234]"
"[-0.12650757224125597, 1.8870787935725382, 1.7061482080342825, 0.025565013709358753]","[-0.24337554224922922, -0.8737038827747347, -0.8313187088088799, 0.036632364931117475]"
"[-2.0348867092446885, 0.3322527954526596, -0.9356871605721008, 0.2805138115581185]","[-0.8636258261315286, -1.0165866504665717, -0.6438667329597908, -0.4441603631189594]"
"[-2.3546428032047464, -0.3730536921466234, -1.5204078237500438, 0.7955040935695992]","[-0.29479998063343976, -0.16418357507556192, -1.0311661735709743, -0.5870359643645744]"
"[1.0600941001246202, 0.4506940197977781, -2.1930168157215184, -0.8694684186450359]","[-1.1656078740423608, 0.9999537137532608, -0.6178546511093117, -0.06887742550337361]"
"[-0.30656600807846746, 3.042511899280355, 0.9362590668026568, 0.6316623819541974]","[0.680018928634803, -0.4830776533920038, -1.1902785689118531, 0.7788950022171914]"
"[-0.03568746292521886, 1.5287149116059433, 1.4022815209197015, 1.7543723619880598]","[-0.7254989515594702, -0.4701955271891243, -1.2174604948180798, -0.44388036283147864]"
"[-0.1309168202137488, 2.486408151515369, 1.7097653928277474, 0.7279040782525777]","[-1.4535913689508533, -0.7185158030888525, -1.501960030620315, -0.2083085347252125]"
"[-1.0200411911572511, -1.1818078373135288, -1.3186614593550103, 0.15430204360189365]","[0.14887178322316566, 0.19498881299260445, 1.1549732979949696, -2.129526426493546]"
"[-2.0857205764647135, 2.1728399274022485, 0.6551465572469006, -0.3912886669471931]","[0.055769077554900286, -1.280106437677631, -0.43894906352886653, 1.8338140081588528]"
"[3.9740819010710813, -0.44703568072457533, -0.19529394412617238, 1.5466632781422007]","[-1.3569268160143282, 2.8123502817709793, 0.6998601091859425, -0.23304914494226817]"
"[-0.6043668894492703, -1.6001773097382859, 0.2985164149464075, -0.07582145461684181]","[-0.09799048975571581, 0.6600313615834942, -0.31575307195102276, -0.20282399283635363]"
"[0.37204995015445447, -1.562090337469428, 1.9573146853167815, 0.3393515976881585]","[-0.40409941468352456, 1.1888320835698114, -0.7434958597027455, -1.13095921419857]"
"[-3.0606963064744277, -0.028288147177773885, -0.401983988486284, 0.4626817579624007]","[0.6120412682579338, -0.8960264764014996, 0.26021707695686863, -1.0725279232488407]"
"[-2.123138417724819, -0.5207394766682086, -0.04053558830644588, -0.8570531255004891]","[1.085142495665173, -0.562758417744485, -1.4295558213238202, 0.18366872596737946]"
"[-1.8202415674988286, -0.09102687739287126, 0.41695760497891066, -0.8830690614877195]","[0.06280323837401573, -1.2864718612909916, -0.10777519276358384, 0.12341885241207612]"
"[-1.9628630759091106, -0.9535435807072408, -1.0792122231151653, -0.5948700050932146]","[-0.48110307983622475, 0.25682054418825495, -1.3957103510013875, -0.5689039245452514]"
"[-1.7192629638079775, -1.8110861866925363, 1.404612831579203, -1.2366067209773943]","[0.5933284894311954, -0.8765976398767965, -0.27904884458335505, -0.8718129160070287]"
"[2.9689173604983385, 1.119654584177931, -1.421383451521039, -2.250154480746876]","[0.22805018598170723, 0.32595086231736004, 1.8007793227530717, 1.237394566438482]"
"[-2.558353455193751, 0.437885582278985, 0.5023749451230235, 2.2373265001473763]","[1.2531066656224423, -0.5900369373172019, -0.44125602503791156, 0.05755821614234197]"
"[-1.8803328549017495, 1.0744275241395251, 0.47244938605577974, 1.8909745781299]","[0.5708307632163511, -0.4320441144744654, -0.708808512357467, -0.31997679281443725]"
"[-0.18600319890718742, 2.207828578097974, 1.6705084735616165, -0.20305218671418554]","[2.0097104023868355, -0.30663290681515165, 0.22949467289246403, 0.09966808747661399]"
"[0.9487483085225307, 0.23234847577858767, 0.18185776847277643, 0.023688893148510633]","[-1.2516467172690482, -0.33629086618846654, -0.35946248456865937, 1.0567496239933423]"
"[4.495681951704992, -1.3571043216848162, -1.0292508861185998, 1.714249917996405]","[-1.4258060502627328, 2.5573273829352607, 0.2678922408195671, 0.2297451234295455]"
"[-0.22804129819449853, -1.1846833310205391, 0.8013033495759927, -1.0538634040526658]","[1.3669941479421834, -0.32213557335064663, 1.2636657014737684, 0.10481248060610966]"
"[-0.597075306319978, 1.9233145576495454, 0.74683277791128, -1.0612742026453124]","[-0.2547025036835707, -1.3938169417195012, 0.9778908560027172, -0.05482033294348259]"
"[0.30477430725313104, 0.40891150712561314, 1.404949244944096, -0.2710456648928325]","[-1.2190394950464292, -1.2616818285863018, 0.7745989936498405, 0.7324008121224324]"
"[0.6098567777894635, -0.5755711070350336, 1.3332356261157428, 1.4239647644549307]","[-0.35779462736694173, 0.6860596764501397, -0.5268559447885146, 0.6845341224477872]"
"[0.4351060949036067, -0.2344254721759977, 1.1775378201313575, 1.6251746831211933]","[0.8034755149126048, 0.4153663582631523, 0.16049367679519239, -0.07128810252965294]"
"[-2.6664753555309284, -0.6186671348217595, -0.24470981609993872, 0.12991206195434268]","[-0.6700951929365984, -0.8504511471839051, -0.18508261448167312, -0.6328148559592477]"
"[-1.53812643492349, 1.313587740808279, 0.015195518946832472, 2.020372151365442]","[-1.0548334834850681, -0.8394577460541215, -1.0287409582773757, -0.3162403374662348]"
"[0.4278718622819748, -0.0769887470080194, 0.7535940086900276, -0.42750485895573226]","[1.525488895239808, 0.390491783192288, 0.3687685647981986, -1.3519549867837743]"
"[1.043117288549723, 1.920090223898864, -0.3301357233783972, 0.2151408632132318]","[-0.6890050277987565, 0.34419271669679974, -0.802308281986263, -0.8396188849831391]"
"[4.1221964775220865, -1.6972048017183958, 0.2848981599224537, 0.6109685372536543]","[-0.3533139196742239, 1.96903997413933, 0.17464342123940607, 0.09708246106896538]"
"[-3.5555650081012935, -0.7666037729969474, -2.10708009921667, 1.632681325047271]","[1.5091270958740137, 0.5924002620627629, -1.0698718141385366, -0.7608982526174718]"
"[-1.6917310934513268, -1.3504535583502144, -0.1965847063591647, 1.7823454299763684]","[-0.6336882101076642, 0.3517560168503167, -0.9912836126432871, -0.9352152269687459]"
"[0.5088102383403937, 2.2847799444849555, 2.668542766650879, -0.42795733326235075]","[-2.1315975803681764, -0.7751066092613047, -0.2812368160476942, 0.19116452860139263]"
"[3.9137764289155457, -1.5130771906003322, -0.8132734794543864, 1.9026738271432562]","[0.005639459709037212, 3.219955813368615, 0.35197847635093776, -0.23629070378104694]"
"[-2.03100390965874, 1.2909442382762033, -1.0903360444793087, 0.8608331498748382]","[3.473097643153555, -0.5848897547598092, -0.6264296744762671, 0.2389804851727133]"
"[0.005802926113424686, -2.3115340296638323, 1.079292173908334, -0.20649839062376454]","[-0.8084231683263686, 0.010992278559180306, -0.6444131646208501, -1.1521342810831023]"
"[-0.8397895229643014, -2.3109668208335523, 0.05072197237926257, 0.606897120305956]","[0.2923005370535531, 0.14167053368725926, -0.04008689090341018, -1.6901188557712723]"
"[0.036256253368941616, 0.15341563507325554, 0.09953917649413037, 2.2577636983465617]","[-0.232507056676931, 0.5397171639888315, -1.073906552982364, 0.19005911554678134]"
"[1.6935100775008987, -0.7789790849485475, 0.6944421545436364, -0.2799996710608034]","[-0.14682723548973453, 1.0072300057129049, 0.08626841493290698, 0.4100383801659065]"
"[-2.0672099276137432, -2.329685262648588, -1.8174251391180294, -0.6630563191512494]","[0.266601435564671, -0.562026888299837, 0.4948140021620542, -1.7045325145981456]"
"[-0.6291783579388027, -0.09614113948042267, -0.1389899074148988, 1.0826973609203128]","[-2.3665857503370185, -0.7938760556214876, -0.3396212310963806, -0.5222034960358045]"
"[-0.9832602786905414, 1.182146432662598, 1.9193219760147442, 1.6417099768824266]","[0.31048071082279377, 0.019355552892500686, -1.6653835972015443, -0.5117645471270134]"
"[2.7315413771473427, -1.7285357106429278, -0.2302908698860395, 0.4821694587952197]","[-0.454595923631259, 3.0446652092020665, 0.025833731988457932, 0.6133410744536766]"
"[1.2695335528510974, 1.5234178653982722, 0.9399416961473944, -1.181270860266452]","[-0.48969531534089805, -0.9203038757422466, 0.38501665302325466, 0.6992615889095843]"
"[4.2718412929530984, -1.1429490084726963, -0.7134494715693194, 1.5441115177200297]","[0.8322265810149844, 2.4766896534992595, -0.414368286524856, 0.9504735451711759]"
"[-0.779573507313145, 3.008865495976286, 0.548476467491378, -0.9513384562301119]","[-1.8669955722292035, -1.5478503921199132, -0.010827945646161475, 0.8469175430454311]"
"[4.646572844863961, -1.3190537854476632, -0.42488940651476775, 1.464571506894727]","[-0.5539084855048777, 2.7727840239621333, 0.1632562708854912, 0.44270169794100517]"
"[0.5432537817287874, -2.615064016934149, 3.0441050221371944, -1.9688297527509249]","[0.9218779685120124, 0.39359898403328286, 1.077616455061487, -1.2990757956275771]"
"[-0.4532710510446267, 0.9862466046588607, 2.1028261977661895, -1.86842063171399]","[-1.0689558168627042, -0.9723616031785389, -1.1734419798564382, -0.25790551561167946]"
"[1.1832902692637532, -0.12089031481609297, 2.216286087988741, -3.189537487266304]","[1.2351832521575574, -1.1191849314469275, 1.0146633610761984, 0.6571865144953065]"
"[0.393854249970823, -0.8811243389587897, 1.3526292255314223, -1.3633016476930564]","[-0.9949045716296386, -1.4047505590373852, -0.25648562478961695, 0.036763442347740344]"
"[0.2608178748600453, 0.1407259616625443, -2.1031181864964217, 0.1321519713387783]","[-0.3014538902501309, 0.9002913226838063, 0.40480281460306783, 0.16030199278372662]"
"[-1.1842032448232696, 1.2915218075147576, -1.7540442723440113, 0.16295772687156296]","[-0.34484379388953373, -0.5074841497776156, 1.7890484186483129, 0.28854583957738644]"
"[-2.5284536741479404, 0.4353060819847564, 0.5439592878851055, 2.473023689503819]","[0.8473040902145619, -0.7132902056259209, 0.18387034318559994, -1.3679052067464104]"
"[3.577290396605979, -2.4317675870496043, -0.9945675233575312, 1.4560393347979816]","[0.522361135248566, 2.991526950033076, 0.16222482867558818, 1.0104258202120602]"
"[-0.4759149751286711, -1.5566429526347223, 2.4762461036572163, 0.36157260672525193]","[0.8369316545390111, 0.9232097063934087, -1.031783906006189, -0.16773988452478125]"
"[3.4172643175606727, -1.7997841888385695, -1.5846260048022947, 1.280263944393585]","[0.19522117951563056, 2.6185300253027277, 1.9449605201168891, 0.09283702690395021]"
"[1.1200144266128214, -2.5689246486706354, 1.9616226082198478, 0.9401785301744566]","[-0.9156222097541297, 0.5736362568256692, -0.9239652937986479, -1.2907886929117252]"
"[0.7575715671378968, -2.2284555695396957, 1.2212741581771538, -2.1969291520122707]","[0.40274747200666944, 0.5583809144492625, 1.7703040633435867, -1.8151129620107478]"
"[-2.4733454498011693, -1.3905625243369666, 0.07096976131917013, 0.9255019193246605]","[0.7367101173384814, 0.5998706798101148, -1.5093900703090584, -0.818232101292607]"
"[0.06827396414180915, 2.948677082282017, 1.8433837038273142, -0.9482796926435781]","[0.5629985794695052, -0.9681956009708687, 0.4246781177386888, 0.39182037544230797]"
"[1.158807939429211, -0.557354980071274, 2.7882865333862474, -0.6926696117780625]","[-0.30743281244427567, -0.25895786451203995, 1.4594452756957155, -2.2417734914316507]"
"[4.019919277072216, -1.7041928923016614, -0.5593971647928966, 0.5291053937151085]","[-1.1528318725372142, 2.1765441927918925, 0.5152390232512373, 0.4232177862548274]"
"[-2.3850927968031637, -1.1406823569411202, -2.7432949630576493, -1.7296725439673937]","[0.7868830644748571, -0.6671777507557037, 0.6758817096477582, 0.4467939567913767]"
"[0.07060348551619283, 2.514059115151731, 2.309995416487243, 2.2882403425017097]","[0.4067555118895658, -0.4383575497098788, -0.934693916471082, 0.12015046669706356]"
"[1.7255183289791654, 0.3705390702486258, 0.3396489320255109, 2.1096269797192577]","[-1.5003405528819316, 0.4935595862916898, -0.6144033898719719, -1.1747276686033479]"
"[2.2506658042263283, -0.8017879725929423, 1.193757395390222, 0.37122112697718523]","[-0.7743772465646023, 0.43980543626527596, 0.4661734382831207, -0.18901699009398068]"
"[-0.40733339824501763, 2.7329647420708043, 1.1032585023475932, -0.8115440748074148]","[-0.21943113874111606, -1.3657576976830317, 1.8760494270610324, 0.6356187139017998]"
"[-2.7118580502937157, -1.5900192839995653, 0.7117378026937379, 1.4289218394290792]","[0.8321762662994161, -1.0628754255274822, -0.30485650525709246, -1.482641193821253]"
"[-1.5590420491081056, -1.8833403612408122, 1.7699804429749457, -0.6084439418700744]","[1.666086000480266, -0.7261636996755597, 0.1331546425765209, -1.1302271469274934]"
"[-2.3240717726542472, 0.8915479683896649, -1.2969879420785528, 1.455421998727208]","[-1.9172531081859658, -1.9088303506015645, 1.335632440457238, -1.1078193966366974]"
"[-1.282349645180175, 2.3064478462540565, -2.399920422974173, -0.7904365731945711]","[-0.08970494288212838, -0.6861357410930006, 0.3222313002725244, 1.4639932174866093]"
"[0.35706673486972235, 1.7333377978755444, -0.1114521393019659, 0.11273339114100031]","[-0.6866561923884172, -0.9307740364104685, -0.11758500029169314, 0.10697341303913271]"
"[-2.3868320171696698, 0.8524603700138147, -2.2868542907146034, 1.3725157842136082]","[0.988021168857227, 0.13715243090838522, -0.2542656017162469, -1.1740218026986076]"
"[-2.488609406474783, -0.8832689747844825, 0.4512637415445258, -1.4335813611754868]","[0.6708147080213795, -1.0728890650398202, 0.6864609459005431, -0.14718306229102968]"
"[0.4399315344884302, 2.379666778436243, 1.0429308952440992, 1.2708563831199247]","[-2.2490476792936036, -0.5287140425340859, -0.09417219632697099, 0.019102680429907225]"
"[-1.0946712465694386, 1.8267243085631466, 1.451902938168334, 0.2871308283596416]","[-0.6281003548682865, -1.783499020048969, 1.891599310658703, -1.1766649129623354]"
"[3.154870994239482, -0.4613876227143281, -0.7383994107990514, -0.06371692365788836]","[0.17705285875005874, 2.11106137465562, 0.3363628317257761, 0.6399682787542814]"
"[0.9974818021497238, 0.3497864213788652, 1.0811097364986015, 0.31438447773014316]","[-1.4109035535030379, 0.30730460821357475, -0.7683884273291123, -0.278762887524907]"
"[-1.9791553540331657, 0.14115810023192793, 0.1430339491915628, 1.396547027128823]","[-1.1965924281846463, -1.151196020453604, -0.4545963664990642, -0.38413246173977067]"
"[1.0930975098657507, 0.3539747623007798, -0.8469734131581452, -0.0275561969965903]","[-0.8965489930258271, -0.015712042006625425, -0.6991027634520696, 0.2211085394563842]"
"[-0.577705410396371, -1.8350459909031982, 2.0081410800804886, -0.5571837056493592]","[-1.1950411762886972, -0.11545746952960288, 0.6063942248741856, -1.8328210132927063]"
"[1.8677418945375328, -2.330026313255828, 0.19417497040617582, -0.6305018808655948]","[-0.41693437565503055, 1.4751441445864448, 2.679280981938674, -0.5451107681262981]"
"[-0.6748809328302136, 1.6849092063100775, 0.22041160777432123, 0.7902111990429979]","[1.1859363384729589, -0.27990256249284273, -1.7219072241745066, -0.876471511140511]"
"[0.9282970838367237, 0.2349391927055677, 0.25346485723536183, -0.25512669914923664]","[-0.4422637757678063, 0.11086212784684005, 0.524838135257727, 0.17723610177145663]"
"[-2.682835195191379, -0.9418657674490766, -2.2175884347401325, -0.43782318215035054]","[-1.3162836444286663, -1.4447685141336992, -0.3387784563722824, 0.3349442995863115]"
"[1.9014406242889528, 2.0325939623930336, 0.17359246785205837, -2.6050260628964397]","[-0.33089037521651243, -1.1706775336444175, 1.6681814123743075, 1.9958149688518758]"
"[2.3023999530323533, 0.8103903431147875, -0.598405696942647, -1.0177990562185515]","[1.3688811969241694, -0.13787182107302706, -0.5671906293362717, 2.7078799970644236]"
"[-1.1582962082940698, 1.0350497190248398, 1.790480191377145, 1.0573579354791227]","[-0.13286922379955154, -0.4172199085555933, -1.3024323411348822, 0.15347961841749622]"
"[1.7353014377958407, -0.38644077256926884, 2.584872460303335, 0.9260377747325773]","[1.8813110862160303, 0.824086112620584, -0.9391406441024552, 1.3011812175899355]"
"[-0.03260183199255561, -2.1327110760596537, 0.589797971455317, -0.867397729702251]","[-1.6957936138755534, -0.17419347872056223, -0.02936965186599921, -0.592452629959201]"
"[-0.7631079787265602, 1.6796340722422063, 2.1222342115714503, 1.155421318195442]","[-0.20332603787385312, -0.40246334624001767, -1.221184114657454, 0.3953514772483484]"
"[-1.936904503321805, -0.8579652599245186, 0.5224104835995982, 0.8336829084404057]","[-1.4234755476071277, -0.333464649601435, -1.349191067624176, -0.8979921756292053]"
"[-0.4891886553530965, 2.4698948365480957, 0.22221168080337536, -1.421362156630487]","[-0.24689584437573212, -1.2174413337705423, 0.2915783617792779, 1.736897747288529]"
"[1.1556498363164007, -1.2971612339314715, 0.7826003556857545, -0.02876917825013935]","[-2.3118047615187773, 0.1069303511116067, 1.0229815990624687, 0.13453885499047719]"
"[-1.256497588640274, -0.5689425841702771, 0.7566656605795327, 1.445792680868101]","[0.4278954411351934, 0.17704145614569156, -1.0722606192747521, -1.2313952011579452]"
"[-1.2021470082652468, 1.0089619342591771, 0.13671063862327448, 1.2968195767386457]","[-0.9488675846317817, -1.2771440006409838, 0.15158949726844398, -0.9445056895916079]"
"[3.3986619398141396, 1.3723647115022066, -0.10860052250224006, -0.01088209814083085]","[-0.14449528192913902, 1.3135935486031916, 0.044982859451982354, 0.5844781990317215]"
"[0.6692218672383368, 2.115841490084459, 2.242375933993848, -0.7054632840790274]","[-0.6008853714568597, -0.09331971286767485, 0.2204282842257294, 0.34506600135529825]"
"[-0.6639305512867393, -2.1690291376769415, 0.7579278177283298, -2.052006344998615]","[1.5930537510266476, -0.46980566674861235, 1.9178896922919515, -0.6179887989726913]"
"[-1.6603512475230369, -1.993546795807552, -1.5828378544247752, -0.6697931323172954]","[1.0823627358956602, 0.38227096983068387, 0.17520793116583772, -1.6116153880806101]"
"[0.3717930230445464, -1.015812054837029, 0.15015740671120675, 0.012252931030848888]","[-1.2077508550961278, 0.07078047273519533, -0.32467687564358766, -0.16885588295863396]"
"[-1.7056278331204364, 1.232928521867515, -1.7104030770092973, -2.1712165680436026]","[1.8136133011986273, -0.9998282753597347, 1.041712425455371, 1.4225202857369652]"
"[-0.5946607393931259, 2.49625760400407, -0.06281602968782656, -0.36880438395926235]","[0.4368505042322044, -1.2323488752138658, 0.6507052120929577, -0.3387766558054393]"
"[-0.687119552213134, 0.45263353455545063, 2.511758932997144, -1.1103539945435261]","[-0.9733468662789655, -1.362154265922239, -0.3677311651303604, 0.46362698671242253]"
"[-0.574133378799315, -2.4178721052153858, 2.2046146351658904, -2.1060337070728754]","[0.42513823556341807, -0.6172273090957362, 0.5495794455469464, -1.4470623182169875]"
"[1.477469836823569, -0.9803293846603739, 2.3296542833922933, 1.9756129530100304]","[0.6515102133812734, 0.7378757881233134, -0.10123968620785297, 0.039909149685127134]"
"[-2.750166284577169, -1.1606732374287216, -2.7051388490649, 1.3358784017850212]","[0.7049158761495485, 0.14121722633779119, -0.828244231601034, -1.0359824737689645]"
"[-1.28646107934464, 0.10723968514295189, 2.2519223609578165, 1.3083952806906185]","[0.44954575424974147, -0.43115235931424, -1.8850930973639344, -0.010207388996738146]"
"[-2.7485165122882105, -1.1867172688310004, 0.4218326680175168, 1.5888873689029455]","[0.9481767682299543, -0.46579028484344487, -1.9745378840686312, -0.533901663279583]"
"[-1.2023969571313613, 2.661614519731248, 0.22157899158303293, 1.5912278475540103]","[-0.1262880229382681, -1.120431926901756, 0.4253429431158855, 0.035284239768984565]"
"[-2.1611897833868268, 0.43056135228631687, -3.521273474498798, 0.8256330617551282]","[0.6389995277618361, -0.3842945146313536, -0.2248068824403844, 0.734426920191832]"
"[-1.3199495359110136, 1.4863816205522766, 1.3423718281215027, -1.0408811553122614]","[2.2950288564089405, -1.0916920781391999, 0.8101085469672094, 1.4843904929426426]"
"[-0.6417133660885381, -0.026217356625503545, -2.5328516130872223, 0.03446942261796582]","[-1.8354027635043888, -0.37555270812359187, 0.11441960241156016, 0.5024711087898189]"
"[-1.3449611620036421, -2.194357183396929, 0.964796431566521, -1.7479329481826855]","[1.2869381221163751, -0.20361579361155005, -1.342189559883031, 0.34759343667833503]"
"[0.041284696372617516, -0.901176968775018, -2.358777850058057, -1.72504879900601]","[0.41549598628447554, 0.4657659275532109, 1.0872765606678947, -0.6595679328738312]"
"[-0.710002585285788, -1.804700128258768, -0.6543987687431835, -3.184026635620154]","[-0.05765874770651199, -0.7196903122453441, 0.6793427011404826, -0.2536146510861629]"
"[0.8353770623004179, 1.3254535059978134, -2.4662752038226285, -1.4104476086328661]","[-0.08219979015749025, -0.06681414854450544, -0.04371487448374848, 1.3199927306926709]"
"[-0.12273874764125034, -0.11165397369950077, -2.3695754254779655, -0.5533831334710246]","[-0.15810876103248456, -0.45092706603717475, -0.45127843334504325, 0.620739252228392]"
"[1.1175561212814782, 0.26270725619292473, 1.1022914718149006, 1.7472610692021577]","[0.19236511207631263, 0.4946973827372945, -1.0519585863250185, 0.16144726827109043]"
"[0.08449720092749108, -1.1256082360659994, 0.18238272706095465, -0.674263053303152]","[0.6303709066892925, -0.3342037924854498, 1.67577166025069, -0.7699548195888837]"
"[-0.08709916721357402, -2.180282640675101, 0.6945821872215541, -1.9037216347263102]","[0.42082516191829406, 0.6697448765304881, 1.313073689732781, -1.7301377063877716]"
"[-2.0436834309447596, 1.2727492747163667, 0.05463018978718897, 1.075761840926353]","[0.187499196749677, -0.477463369012199, -1.573293077476669, -0.2284709692363144]"
"[-1.4880465397186258, -1.397293008293529, -1.8004313704128494, -0.8036933340686219]","[-0.4493785506854506, -0.13306281140978735, 0.9012262427040618, -0.47108154174078837]"
"[-1.7219068682866825, 0.5908672413330984, -3.8008845904693587, 0.6260353291272118]","[-2.0299308242962666, -0.4633901024662761, 1.5557060125057875, -0.3541329859762531]"
"[3.4026710295244, -0.10612829967815998, -0.405042129625407, -0.6278535172713954]","[-1.6333161180671285, 0.8783903980249463, -0.14746768480397127, 0.48282518428167387]"
"[-0.3382171836285772, 0.3951131987543878, -4.045546551287632, -1.4485523472356883]","[-1.6325310627448484, 0.3357482025351965, -0.049926406517167884, 1.1852891936273071]"
"[-0.1731622351797896, 1.0689001432609246, -0.41882961474099356, 2.0910316940312565]","[0.5797273659430145, 0.8220573696663075, -0.43197064675201224, -0.11311586463146434]"
"[1.7794520116767563, 2.4760263152326925, -0.9957941252044967, -0.7165141701539135]","[-0.4806531827751243, 0.3348750970129613, 2.54801709934498, 0.9192746234075649]"
"[-2.17069450223209, 1.1989891175260428, -1.9685173693701017, -0.012365057652348533]","[-0.7034485931463477, -1.1468534151568892, 0.25082754253198525, 0.6950324940264062]"
"[-1.8583210090138222, 0.09681321785429253, -0.09145236471648631, 1.101472010385893]","[1.7395853761805273, -0.8988056178147092, -1.290189426816286, 0.21961253096829542]"
"[0.32089853571379423, -1.2805288348902344, -1.5566329227792735, -0.38902964494373493]","[-0.2149493009499307, 0.5644921952266777, -0.20778656179419397, 0.6904632603501263]"
"[3.349862089367258, 0.08225178521709077, -1.784239134453703, 0.9551279481825646]","[0.18690126613576422, 1.4549138657220548, 0.0018044370017406628, 1.5811583137239664]"
"[-0.08152638049878927, 1.5503515510318149, -1.7021505796015677, 0.7478307536881106]","[-2.2621498481674336, 0.3145959559175379, -0.3584028797166223, -0.8369557286161675]"
"[-0.9613725732341316, 2.7229437798184892, -0.14913899241359707, -1.4833558731293275]","[-0.02485418517299536, -1.6226786982200307, 1.4221225710842607, 0.9960446769123612]"
"[-1.231306808562453, 0.51191730344459, -0.2624997319230867, -1.3697144794841754]","[0.7776959581129695, -0.18428442384040267, 0.6607477972087452, 0.9717982121640243]"
"[-2.6109953910193466, -1.0693658920744387, 0.4243995399444105, 1.7035184764364186]","[1.3903089133755528, -1.3761565995829952, 0.6222636820187994, -0.3185476186526607]"
"[2.4895106155783995, 1.7550898586279007, -1.6556135311427946, -1.6092239298204611]","[-0.023122617808745832, 0.19011557614026867, -0.904132609850375, 1.7082024346934357]"
"[1.109491160749885, -1.5306862194759303, -1.4302678609040174, -0.5803907544686906]","[0.5398552780794694, 0.6007752469342806, 0.15173561955387418, 0.23646912572747716]"
"[1.7612493030385532, 2.099001465031505, -0.4800309052929701, -1.3782214229465053]","[-0.7416637715334041, -0.9354658313418379, -0.06352078955425597, 1.390851022632246]"
"[-0.6386364494146974, 3.2291994441181084, 0.5628966981921013, -1.9325606793521672]","[-0.16644947328528437, -0.9102496427891601, 2.0571278417174033, 1.2166522541049662]"
"[-0.23094674240627786, -0.2319343786342401, 0.6808911317751504, 2.1765458941586013]","[1.738994876808185, 0.9796398461360336, 0.2276615093948705, -1.054716936913312]"
"[2.3012393219522913, -1.8974505471530825, -0.7102105329725905, 0.5581034000049537]","[0.7735815201568609, 2.8879011599189566, 1.1923896697985832, 0.18366730801838077]"
"[1.719692061529865, -1.4495782526806964, 0.9769938366051323, 1.5654673126681908]","[0.7105670581086587, 0.5455732914755564, -1.2454863003422216, 0.2020167827779446]"
"[3.9133493973663653, -1.1762110283024243, -1.1984081710894108, 0.6459763807111388]","[-0.15731650841234784, 3.344461896750183, 0.43020535168910595, 0.1464050459597386]"
"[-0.6823864474265252, 0.09653382990034384, -0.5613615670009636, -0.25110983772252654]","[-1.0291494130715932, -0.32157196269014615, -0.26756491799416005, 0.6701824343440734]"
"[-2.627273191100573, -0.26314713648631033, 0.13495609874183118, 1.3608656674190922]","[-0.9438468141015232, -0.7549819934993821, 0.5177179079584241, 0.207809160246488]"
"[2.677473575985099, -0.23078823155276823, 0.5088765770609335, -1.5205136867919884]","[-0.3030637485636356, 0.140089848489819, 0.8828369567001279, 0.18257131062737225]"
"[0.5538615637491362, 1.3915020345326787, -0.15516878670160722, 0.7263263085243606]","[0.6614717188200989, -0.5085338262473219, -0.33332001346164647, 0.9997856673156571]"
"[0.8154134567844471, 2.076033990369928, 0.3135928254033266, -0.29262954300610866]","[-2.7033157029864965, -0.976451719929719, 0.6650664296710618, 0.15586681887375295]"
"[0.5676676554515512, 1.5289795160447024, 0.7469488666953118, -0.025670970564624154]","[0.6060985835368103, -0.01499834211136913, -1.5395174008620727, 0.5845980227398299]"
"[-1.2906728184408176, -0.7301222201342324, 1.7737270680305597, 1.6081690196952956]","[3.1886853367048884, -0.31684784343764555, -0.6900910690142428, 0.41278719197755515]"
"[-1.5370210457138556, 0.09570027913551399, 1.517685141436909, 2.1002112653152274]","[0.5671487903732901, -0.6753579465335827, 0.2066881520350991, -1.5661143632302348]"
"[-1.8006076418374293, -3.3462203037412506, -2.2853434219774735, -2.322098246565852]","[-0.9525588177619005, 0.7953629693305466, 0.5850954266159951, -0.7546353745815553]"
"[-2.622335571544279, -0.9964913951191693, 1.1792668186328448, 0.6178529886641999]","[0.6235804855807561, -0.8700847703469292, -0.8715907490521221, -1.0805577496103642]"
"[-1.7061428452447704, 1.4654180830977561, -1.7856283982878016, -0.02103721883697931]","[0.06919243184989449, -1.377222005173312, -0.8049221658324386, 0.9344429960800338]"
"[-1.1095792953918182, -2.4284653359064983, 0.15412534449027476, 0.05644545443543424]","[0.1274523940185473, -0.5110690039967262, -1.381243575337416, -0.4028764311166372]"
"[-1.8922930047294075, 0.9981334483729498, 0.15660006891776224, -1.522418502189836]","[0.9057484881331528, -1.3149769812125378, 0.7165212620092547, 1.1998859350702606]"
"[-0.2660492201136372, -0.901213608107387, -2.251370396941581, -0.6339065471988493]","[0.21029080454690555, -0.567477632789219, 2.1594929312765023, -0.5878046909474097]"
"[3.8162053243958045, 1.3183098619383287, -1.115169813474607, 0.3121730173423792]","[-0.12200992579329248, 1.5468301370268598, -0.09213357136171028, 0.3148404180421261]"
"[0.6550484681034829, -2.8764487082073456, 0.694456291602384, 0.27729719656245067]","[-0.8627798753844153, 0.6635805870709706, -0.5106021794187936, -1.2632604212582519]"
"[-2.1628466791945717, -2.434954059771541, -0.6333889878919651, 0.2866764323585279]","[0.3616294556706978, 0.9511498427935248, 0.7830767287432372, -0.658753065029779]"
"[-0.6450752754955091, -1.03995009513153, 1.817062133838312, 2.28460265631204]","[2.039267075006815, 0.6185860992166895, -0.19837800985777082, -0.9806986404560628]"
"[0.7885471114049444, -1.9501438429226268, 1.328456629346723, -0.6842862769379111]","[0.1443206565906519, 0.8083071437783861, 1.2258231886863553, -1.187322707358516]"
"[-0.3634303811254495, -1.1760167960380394, 2.1450388578512, -2.0830717068209346]","[0.8501980918387291, -0.5340990711282793, -0.16982361375379762, -0.08323654674645542]"
"[-0.8930784436815277, -0.029849083852103105, 0.2336426496313566, -1.4435028989870036]","[1.0600584690032115, -1.32081096237995, 0.6507693474934625, -0.07832770174420005]"
"[3.7963558098123893, -0.28757162756634486, -0.01729581306124507, 0.9550928924499954]","[-0.2981848361744248, 1.254248762962788, -0.17602949326512982, 0.23465878844192345]"
"[2.6763721943166052, -0.6142289996342523, -0.8024728629597618, 0.4458026886470202]","[0.5717042735056795, 2.8691121965103457, 1.5158622115936342, 0.044697217366627295]"
"[0.7714425652459661, 0.46341747431316893, 1.3393324498577552, 1.4868896444736117]","[0.13585413158691487, 0.39584334111753094, -1.3318146858947317, -0.18927487596679154]"
"[-0.9701337431565761, -2.0454720485531377, -1.3272357490220457, -1.4505119460203315]","[-1.3418187976544687, 0.6650532981919033, -0.0022468626252120727, -1.0234699266289264]"
"[0.3126082405240671, 2.924965579109989, 1.1994267861204717, -1.2765097172388733]","[0.10211783536201785, -1.2132796888600057, 1.7644333596412838, 1.0359788559707466]"
"[-1.922146468664111, 1.6997632862432113, -1.3883440276498573, 1.4048237706731224]","[-0.2633079236817552, 0.8466273988590404, -0.4858350941086383, 0.229195754359788]"
"[2.722329140656802, 0.9267153823999191, 0.8303918566612446, 1.098932666463447]","[-0.11637735133174079, 0.95096533193136, -1.155360046088086, 0.7508147856473943]"
"[0.48071578157937667, -0.02434258266296556, -0.2371290027858727, 2.105114467137277]","[-0.5182123107481545, 0.7873088484450603, -1.2604346887326365, -0.6593271401746704]"
"[-0.17453165704948984, -0.7395652316048973, 0.9733443748336241, 0.8073705763715613]","[0.9542812487570237, -0.024751511061542632, 0.49203306598756524, -0.4759760714563386]"
"[-1.4741923500178309, 2.395727159674277, 0.683366664438288, -0.5120638766337061]","[0.20026411471310782, -1.1941146420903723, -1.2788833103177757, 1.0245958266258115]"
"[-0.19088622376110936, 2.7673828277886003, 1.2111639373203742, -1.3638959330535319]","[0.011807915968159425, -1.6042771385000407, 1.3031189396726277, 1.3478470760579113]"
"[-2.996294928301168, 0.4399603807729039, -1.8939568280426529, -1.0061713250810977]","[0.18185224432475613, -1.1573639942795955, 0.5675337467963458, -0.0038219077121058576]"
"[-1.9990107155941386, 1.6433177776801315, -1.6952366314285159, 1.1202293305674373]","[0.6579414629338061, -0.17352150888482357, -0.7272522592841424, -0.7298283493049259]"
"[2.9398640812107693, -0.442476648924423, 2.45163667840003, 0.6795278580134442]","[0.767483349601664, 1.1164332253097893, -0.4783769865916866, 0.08723745750723835]"
"[-1.8682621291358636, 0.5108397812755576, 0.2737462729478342, -2.3499660110383394]","[0.8268171615878113, -1.617229358518964, 1.6782233565330078, -0.014226165305409181]"
"[2.653074569846764, -1.3353922148496284, -0.41281973051465365, 0.707987960060884]","[-1.144094960107414, 1.7297564070091673, 0.9648954478822358, -0.636619957125176]"
"[0.5009567219841269, 0.5690137656903093, -1.3259143946201186, 0.3236970030530132]","[1.2142079764218099, 0.6865261306746386, -0.8383257123927681, 1.5475519470113326]"
"[0.06978845166698447, -0.4982325294968545, 1.2551260093245415, 1.250872096838815]","[1.3396566544822825, 0.10661469331240016, 0.7598985482380919, 0.16681879910542446]"
"[1.2001417297913601, 1.1226297751636496, 0.18653360245245124, 0.8418416105361534]","[-0.4189030635992524, -0.18768345072449555, 0.6171248930208308, 0.11836181221211757]"
"[3.817561633770493, 0.7607958842277416, -0.6415597464261369, 0.6054680738136597]","[-1.8934323995304843, 1.3862291032886906, -0.20343149649180758, 0.17337580861811056]"
"[2.4977822100478546, -0.5142290146845926, -1.795191835183676, 0.41143836990420907]","[1.0506257059197799, 1.3913467832925037, -0.8904524302744621, 0.7321814682510442]"
"[-1.6476954761458753, -2.1456878907697847, -1.8434681160326323, -0.7097895417445809]","[1.0059032791103963, -0.5762815883110776, 0.6314414248795804, -1.3187505936060462]"
"[-2.0375326857758904, 0.7736565176270989, -0.5109233596774154, -0.48209168203732156]","[1.7218627147659151, -1.0814086414069082, 0.29510710027928655, 0.9411681467198653]"
"[2.7326360495158184, 1.3568407327543512, -0.3148197283767303, -1.1134259596447054]","[2.1127509951967793, -0.2582894942625345, 0.23841461193593783, 1.242661441892677]"
"[-1.351555410237175, -1.5855899729671712, 1.9787171813477011, 1.842912764756793]","[0.5171120543110336, -0.64883896256897, -1.4519010917465547, 0.04982960777244646]"
"[1.0750356528507354, 2.4854149635320666, -1.2987720877248128, -0.6863299701414778]","[0.17245453081721626, -0.0011535925940263825, 0.48273126183649784, 0.5334839574950804]"
"[-1.0739617483386548, -1.6719962808009499, -1.2175810137554812, -1.1865482771048503]","[-0.9162534641385935, -0.010718111193822825, -0.43492256909307075, -0.10632987636519307]"
"[-0.09777809344674221, -1.085285458841893, 1.267891219779626, -1.7207200989468907]","[0.9942256606365473, -0.29563013499134, 1.890119920137352, -0.42731550715112193]"
"[0.21918135800475208, -2.1477413663114437, 0.47248333077032334, 1.5892440306032292]","[0.17651434045075995, 0.4892875649192, 0.17787355909537306, -0.9611151496438987]"
"[-1.3602162174644088, -2.5580742250510444, 0.7603343347260137, 1.2335231222949739]","[0.6392693857151026, 0.12176223636953912, -0.0784828623526605, -1.3658334695458743]"
"[0.7565684903794124, -0.8125237993673228, 0.6852374336700711, 0.07858355625909665]","[-0.011267687639885894, 0.13376928259032933, 0.8190482894548439, 0.04355918284309964]"
"[-3.022129539028836, -0.8954076329454926, 0.36701299645292607, 1.4902431275656285]","[0.7999287394660095, -0.8078973692827772, -0.20087286318067188, -1.2062037495540392]"
"[-2.855611442933717, -0.8670030038875646, -2.1657490060177427, 1.3425959632023274]","[0.5741469559990977, -0.692451500550783, 0.03150594956116164, -0.3797166693971338]"
"[-0.9976816858305755, -0.9921568807949926, 1.0115340040230751, 0.14993545604224387]","[0.24323218013013825, -0.39061488038981923, -0.8116875466909352, 0.7415233661626812]"
"[-0.34971004443733533, 1.0559274720788852, 1.7958870594150584, -1.6484674992430937]","[-1.3416460651145596, -1.3271674733312162, -0.15331522904762757, 0.7624755074280299]"
"[1.3794849913500735, -1.588155447814432, -2.078648040847327, -1.1607848951706723]","[0.8512161572957206, 1.5391331863158886, 1.4467025439674484, 0.10952245317487502]"
"[-0.8049997595084066, 1.4744641380287378, -1.4031238462531583, 0.3002268080291616]","[-0.16674697394889443, -0.8309424663004955, 1.3976903262203988, 0.21061504362908906]"
"[-2.315213420773841, -1.4962785949123567, 1.8875962292472017, 0.7221949468751119]","[1.450427948777815, -0.6561638306837368, -0.3985605236415212, -1.0433017431621368]"
"[-1.5170666242041493, -1.9232158880441326, 1.4248382528859052, 0.46754921668404764]","[0.5382858887472691, -0.6074356806924781, -1.5519535131708762, -0.009217785412224757]"
"[0.5846330751941677, 1.4872668586811322, -0.592208550491194, -0.39940947557435375]","[-0.724565775174825, -0.8039557912467505, -0.08900872255597499, 1.5008578927551992]"
"[2.122693215121899, -1.1361903493537633, -2.2829400366488746, -0.2824999082449395]","[-0.18694033648543143, 1.2913715316081653, 0.3517743369448793, 0.7707619348071059]"
"[2.736348900514135, -0.04729183162171603, 0.8055577831923199, 0.10725123752775408]","[-1.098267524732266, 0.3261044355077587, -0.5304070606368361, -0.5989010271527658]"
"[-2.537626490550593, -1.2023828316767506, -1.7150143745914481, 1.4191483571601702]","[0.7622303729214664, -0.07656365114561343, 0.34305701371922076, -1.0623366524564775]"
"[-0.6303700630722735, -2.402659553450872, 1.125230858096541, 1.2269313670421815]","[1.8286669788418173, 1.0655721285187205, -0.4683748276185483, -0.006346943340891617]"
"[-2.721191915388725, -1.5351889606475848, 0.7884528283798534, 1.6477687870699271]","[-0.4133754619399857, -0.48202660872905595, -1.9093501558159516, -1.4399583376258736]"
"[-2.154304050014226, 0.2618074229604274, -0.09507763224764924, -2.884554481155718]","[2.023429541117335, -1.1084254650019776, 0.25308619539000354, 0.2998157459337702]"
"[3.516029490989801, -0.17265795584947277, 0.6706155866310299, 1.0223650448383388]","[-0.8444509538587127, 1.1676275274954542, 0.2873122265063591, 0.1160143516267452]"
"[2.12659136234454, -1.1227524791459078, -0.0023305867609647412, -1.1286630687763428]","[-0.15572221322533927, 0.43047186866217324, 1.6961650483713537, -0.5212947737444709]"
"[-0.3118517275036463, 1.585346945576392, -0.23641759879413993, -3.2807994153066007]","[-1.1372196341973908, -0.5933213759430251, -0.3510572757649449, 1.3034011358533995]"
"[-0.48370232213936953, 1.8292812923975346, -0.8094620030116972, 1.8094281375811505]","[-1.5428976650544297, -0.867014783329875, 0.7599641058540999, -1.040802672535846]"
"[1.1918854380748498, -1.9711499628399887, 2.821922116160621, -0.09253924493029936]","[1.0211345138496069, 0.8657120946471545, 0.7380870678418766, -1.463443217667645]"
"[0.267492233903661, -3.1312137172361356, 1.2168171275643154, -0.07551635538832777]","[1.099543715479856, 0.8280874120548654, 0.7086500253837413, -1.2187174756266719]"
"[-0.20297086593999317, 2.413868439655766, 0.8615657454438926, -1.8808585263552224]","[0.9106933889353964, -1.0996119235506887, -1.0507312838579237, 1.6586173375494007]"
"[3.5102666896493067, -1.175006783318335, -1.5229379663724867, 1.7019719433955123]","[1.3092331143474851, 3.1125770978936065, -0.035043467811263995, 0.39280567003857725]"
"[-0.6715062293173174, 1.6993350555805342, -0.6000486023725947, -0.9914278512408612]","[-2.623563782632991, -1.2775875191359594, 0.10639646915128578, 0.4841838119487866]"
"[-2.785893807752721, -0.22368196640058896, -0.2251879989987907, 2.5146046946379346]","[2.625349942773694, 0.04060789268031247, -0.7847070357131808, -0.8955644632172877]"
"[-0.4029176620482312, 2.8884900855187214, 2.1501308260499044, -1.1253054097266577]","[-2.0864007054279927, -1.4963754753888672, 0.8468166492447488, 0.9825745792377825]"
"[-0.8222675082892218, 0.03115121327379226, -1.143231525099452, 0.6730474611566039]","[-0.8613800615913246, -0.17554972535965255, 1.0444254430118212, -0.9099066260128738]"
"[-0.25414443603818454, -1.2251321008733276, -2.226570010540891, -0.29786489779015013]","[-0.10152970788218592, 0.9876099674477963, 0.7606211799189052, -1.0299347680978874]"
"[2.2002044320112906, 1.6121607622138343, 0.24834229736911484, -2.3777451792403133]","[-0.7220595938996753, -0.24100340057163377, 1.052610384034915, 0.69865082152353]"
"[-1.1520925330130556, -1.5655267326841067, -0.06217536919176677, -0.5190408646306808]","[-1.5100472504337776, -0.49116100930740486, 0.13651654153947432, -0.2438899884222942]"
"[1.7219346483338247, -1.428550769300587, 1.0317556108480979, -1.1072875668597213]","[-2.3871960783127726, 0.9159150854449375, 0.7725335844127431, -0.7143723512424147]"
"[0.6770940640115106, -1.8096519103900381, 1.1676859320395692, -0.1781978702500526]","[0.6076962130515642, 0.585610442191581, 1.1983458771794557, -0.6429519638093771]"
"[1.0759441968094579, -0.8597947942584834, 1.189388733277893, -0.7129680586424746]","[-1.389840922725997, 0.5087501264591494, 0.41760278218931757, -0.4140588681041613]"
"[-0.38613763253719463, -2.504665491521008, 1.3452620920781675, -0.6205402689661065]","[-0.05733848324426532, 0.6684615039787047, -0.8979115363166346, -0.8074217742177684]"
"[-0.2061106850554504, -2.371962363570897, 0.840887958130248, -1.4012598433950842]","[0.4814067965866608, -0.15991865656966706, 1.1643996807394175, -0.7100746702539896]"
"[-0.6096939713284885, -3.082985905116828, 0.2768152220856431, -1.4234227653304847]","[0.9061632111695828, -0.30988521757974913, 2.0437973360979593, -0.9010868188824424]"
"[-0.4652589646199271, -0.01855373176600979, 1.2520130033429817, -1.9128156613318033]","[-2.4720743238791907, -0.5098342113448396, -0.08555163610903767, -0.7511274707796968]"
"[0.8999217310896636, 3.9731614532295225, 2.2133995146278, -0.21093386337201608]","[1.1871385800126022, -0.5926315692386648, 0.3697785593738627, 1.2723960818395157]"
"[0.4633622497757195, 1.537107960889956, -0.4878059262988789, -1.3807586757906625]","[1.712518920240557, 0.006511278987481932, 0.0010658770785825044, 0.4884659464180582]"
"[1.5702196668361201, -1.3502373895177724, 0.4314443595301833, 1.2336930677533557]","[0.6895164127650172, 1.7512513720099703, -0.42112186709547195, 0.013815464172145126]"
"[-2.228067950453381, -0.046678284123567636, -1.2070061047532776, -2.3755341545336095]","[-1.1214358151215627, -0.9187783729063725, -0.2562218243497938, 1.2977733759928975]"
"[-1.8565317881114458, 0.5173893789760741, -2.517914696358081, 1.9920605086270087]","[-0.3308361373752276, -0.45330949183492775, 0.26001781416090025, 0.020794110676063803]"
"[-0.8438806173969323, 0.9596360446294202, -1.0603624447968247, -1.7733349137955656]","[-1.9933250120329258, -0.9518141088147092, -0.30219195794477755, 0.5812261490103922]"
"[-1.2025209943186506, -0.30463697340137325, 0.35775215092310625, -2.9752325354622293]","[-0.823263582728986, -1.069787872071586, 0.42058565034020284, 1.389637298471052]"
"[1.9342492684544115, 1.0155183426479029, -2.0801201527243305, 0.47282580714608496]","[-0.8873964232253039, 0.2703541250122804, -0.1334529242490108, 1.0691150746680635]"
"[1.0832957424115741, 0.730841251205657, -1.5569531436812771, 1.338522214836545]","[0.15976413255906302, 1.55142372444394, -0.7179669478512672, 1.0157408790995326]"
"[2.6214363674277945, -0.8927626154866269, -0.4123469877799502, 1.1359224867733033]","[0.5737623068180675, 2.1766087135142427, 0.07970982575072422, 0.2907482465369299]"
"[3.634238432043855, -0.6992960873096893, -1.7725966010676844, 0.7781650467850912]","[1.7728552982497414, 2.7905588846160754, 1.065948461481687, 0.5441919440490308]"
"[0.308899047676339, 0.5066835322659877, 3.183243897651257, -1.958905998604585]","[1.0319219640002089, -0.5598539524673101, 0.9097686892991255, 0.21714434462449073]"
"[3.586708698526011, -0.8241365202556187, -1.0243357407810114, 0.18806775572593076]","[-0.9739011270172735, 2.0146830718982613, -0.06177658808390242, 0.4388016413597177]"
"[3.5580706643216335, 0.6057786720473293, -0.5762285608108206, 0.45001391957906967]","[-1.4925331763768515, 1.0817150545762453, -0.14135132509217244, -0.18315293742612693]"
"[-1.1832263806802923, -0.33388442724896705, -2.5753533604376657, -0.8975482532165492]","[-3.1099900789618324, -1.557482475306057, -0.6122772110446506, -1.0716760257168547]"
"[2.373287072734331, -0.7888856465054445, -0.8979374204059156, 0.6457011920854868]","[-0.987216693788478, 2.133463464178668, -0.027781451773392602, 0.7157629455467037]"
"[3.484383836779578, -0.26134163766555485, -1.5889432292223677, -0.5904878008295302]","[-0.22304427827287507, 0.6394941326783204, -0.28621510227025615, 1.2732573576289035]"
"[1.9943382637346683, 0.6773927062561359, -0.2132131500698389, -0.5876528717545395]","[0.17152929481492116, 0.7265514142612867, -0.8872742104071103, 0.5071565715433278]"
"[1.9559305472252984, -1.5442439102195515, -0.6422705811145116, -0.1647320476190005]","[-1.028885747735029, 0.9558091417889639, -0.6300379345980641, -0.464819937565647]"
"[-0.6596530182804856, 3.341020818390329, 1.7352335980026867, -2.252932387537036]","[0.32018558051442503, -1.5225616232905153, 0.5650416306956517, 0.9751172530778132]"
"[1.8756598140117027, -1.8503922549648792, 2.3770785336378126, 1.1172178875794339]","[1.5075151659377137, 1.0874025256987399, -0.3881981257634798, -0.1915309719680354]"
"[0.6438798631275864, -3.560418919385852, 2.7546755110308614, -0.2177397702140271]","[1.2453910121141465, -0.034405058314839754, 1.3003319758193774, -0.8696411071799661]"
"[-1.3799813896724225, -0.973072077274293, 1.6277235126692668, 1.6354986633013302]","[0.5546909495614839, 0.023698397864098872, -0.650622963183808, -1.3586446710398048]"
"[-1.6341658731948456, -1.2178710500430867, 0.9653605811598822, -0.45891933065952345]","[-0.7879479111277881, -1.1122857216207305, -0.6290284053056726, 0.4919812869736337]"
"[-3.1302160592423767, -1.0012138712820924, -0.8328650460243203, 0.2671422847488595]","[0.014040516530898751, 0.14984495256828875, -0.8341618188546722, -0.6326625600289333]"
"[2.9840753274723526, 1.913858654478486, -1.0828251607073072, -0.37662135919082607]","[-1.5918256159459785, 0.8192059818645104, 0.12122721221470621, 1.3781383932722455]"
"[0.8568597153575677, -2.6934793896012037, 2.2388235497638105, -0.7947800511059289]","[1.863091018035372, 0.33247338436966717, 1.8184318252032212, -0.7229376363963579]"
"[2.2507889647678176, -1.644198731936535, 2.1057364635932245, 0.4942065921792338]","[0.5711325575530888, 1.276554204985136, 0.06967502779713436, -0.6324021301091671]"
"[0.915017934772688, -2.38963454964559, 2.459307238083919, -0.268425981526666]","[0.272643406625918, 0.8190892114687343, -0.1028611753695275, -0.7945735406979786]"
"[0.8878602235778315, 1.1852801811056024, -3.3307520476561594, -0.1179919119474597]","[-0.9192107048302507, 0.5070748625894026, 0.5280621063956439, 1.1642353713115343]"
"[-0.5462337274511572, -0.17198775012573256, 0.7389646239153488, -1.8958959796897328]","[0.9754193986809871, -0.2973698509350582, -1.1206279455501655, 1.2740510711911641]"
"[-2.101608485766905, -0.5532245005709353, -3.0848916466486873, -2.14265139018022]","[-0.522794983792028, 0.5749943053436612, 0.2717141482299224, -0.2132035799993661]"
"[0.9464009021871768, 1.6685207005570328, -0.39026982045809533, -2.1850373994347163]","[-1.3339227337038133, 0.1244653342852846, 1.6560225607117438, -0.4556334836667429]"
"[-1.6750172348255497, -2.026270730593121, -0.11222976272782877, 1.0628189340807546]","[0.8689091905952281, -0.4310036500900244, 0.22167260112727952, -1.0825628559002516]"
"[-2.170934440616991, 0.5343390809335955, -3.2197320261488125, -0.38321488997166475]","[-1.5811698298279742, -1.0643672200928453, 0.16521244873565819, 0.4285635725187803]"
"[-0.11166380172970256, 2.2669041988269427, 0.5486509279602815, 2.3437315708838753]","[1.1657911966833852, -0.48886312003113264, -1.4854936353881127, 0.671726351140202]"
"[0.5808537711607671, -1.2028907361366092, -0.9094412824556249, -1.242122249506957]","[-0.2197286809826619, -0.3399038753285815, 1.8196180170377991, -1.434467419503959]"
"[-3.087844637638192, -0.9443024728437406, -2.676913887809687, 0.11370717032081025]","[-0.8047827647580041, -0.8274430385306508, -0.946186381067264, 0.04705733622890558]"
"[2.204145980880909, 2.215049421951303, -0.0970857205942228, -1.0112521185464844]","[-0.11726984196506077, -0.6062898437406218, 0.620861253138269, 0.3514617889106962]"
"[-2.4554508215571293, 0.5165675135132964, -2.435380387010925, -0.09494908775733958]","[-1.332855100048937, -1.2934362762490774, -0.11413388861583358, 0.6816983043108866]"
"[-1.8281109280336894, -0.39876700192137804, 0.5066003464545625, 0.3059978394751521]","[1.9392456950977803, -0.5340010355834877, -0.13732522583313206, -0.2221784129151866]"
"[2.555645618915828, 2.645619673908852, -0.6627378586081409, -0.026633492968950824]","[0.6526119309411121, 0.24549940219689506, -0.46775338758883733, 1.7661632634071225]"
"[1.7890530955234347, 0.2645692348894106, 0.36298762576289073, -0.3718582923802494]","[0.37720801715824004, 0.3674217769899908, 1.5419146961577777, 0.33930732103570443]"
"[2.58947271331852, 0.5298142800114967, 0.9326662526930517, 0.6129815653222078]","[-0.5070189203481215, 1.4559372748320043, -1.1083128461933074, 0.12961391249069634]"
"[-1.650911994865878, 2.130114517835916, -0.4261233244304741, -0.4016582273715245]","[1.4653955489751909, -0.8160860455423334, -0.5165866001189808, 1.7393079218025118]"
"[-2.842330873709887, 0.8860088513012055, -2.841111201588271, -0.32665890534243947]","[0.2785060389030025, -1.4669354106134098, 1.0285976388806595, 1.15225517537323]"
"[-1.8798531474034432, 0.5912155795345487, -0.6232491571655093, 1.7672116536389284]","[2.220253275450376, -0.029842669291533282, -0.14116988584817847, -0.36236288536091005]"
"[0.01429959617300387, 0.3410018290047491, -1.873212128430018, -2.656366986678975]","[0.31982756751534236, -0.2610631535580799, -0.6475797822797116, 1.615288516146008]"
"[-0.11479041729171582, -2.3896635299609152, 0.47442067090095097, 0.5968688653992412]","[0.6385567177792848, 0.926696908113163, -0.5506453203262179, -1.0995551191547344]"
"[3.5685170302536298, 0.43426051770950125, -1.531180985351083, -0.3241789227932178]","[-0.6203452743696828, 1.6900106238997052, 0.0637077446144854, 0.43222786055248513]"
"[-1.2034759583324721, 0.3152624380303277, 1.1460357554489948, -1.5546763586953671]","[0.33033510664515314, -0.8286613192994097, -1.1527930504512458, 0.46698795957542705]"
"[-0.5386758532677657, 1.8286149351845136, -2.1817879868044483, 1.6364120166987812]","[-0.4928706861413986, -1.0925440921278984, 0.46294551219839986, -0.9945444222386038]"
"[0.0013344236589253409, -0.39800948738722974, 1.4913113216713738, 1.8229561879633953]","[-0.950449170248438, 0.15110364894044556, 0.08143001446868342, -0.9250890107956464]"
"[-2.289841229659424, -2.289060876965594, -1.0330200407376393, -2.5682293506006064]","[1.3652850251326822, -0.19116564338413586, 0.5749458129103299, -0.8927899994568077]"
"[-0.3636149365894858, 2.353767580016555, 1.3707261073611077, -0.7838840972096266]","[-1.6779871361965317, -1.1919617580031256, 2.466875266897064, -0.4465588302924653]"
"[-1.790298454728385, 0.809458560543255, 0.49445574165803324, 1.6599353913290857]","[0.5109447639309794, -0.6059052851620617, -0.952172778446631, 0.568057130291025]"
"[-1.3496301282499945, 1.0569001850025304, 0.6171648211109135, -1.5802476617195163]","[-0.24429089524556538, -1.421618625590767, -0.6320410578388249, 0.38836348149891853]"
"[-2.2471203037052043, 1.4133839492286888, -0.6867042580216599, -0.26798607718276113]","[0.3884149786415376, -1.0207527526447084, -1.289646200109691, -0.5596404138215694]"
"[3.720672995544032, -1.0938744748939566, -0.8473864410691033, 0.8374030454164813]","[-0.23973682706222205, 2.644684224923318, -0.08311988409148083, 0.5251765905325163]"
"[2.0358703804642087, 0.9539693995324454, -0.8470384365646315, 0.049281639285298114]","[0.5580950584839914, 0.03407191038915413, -0.6816915213928686, 1.9633374270277495]"
"[-0.5925105013055937, 1.2584610475252436, 0.6391620693500913, 0.7476565258529849]","[-1.1133971120525386, -0.6620562336682994, -0.39444792585643074, 0.22370756728184302]"
"[-0.8934445381629746, 1.6733451137671451, -0.26419099064876456, -0.020741211434501472]","[-2.518144173698941, -1.3806078221404263, 0.34032815144440365, 0.8600056434269983]"
"[-0.8869765859207821, 2.416553493982147, 1.105616286674821, 1.1234058871722123]","[0.09374631263655421, -0.5177541544956462, -1.3475084105175892, 0.5173619383255696]"
"[-0.30743275237434814, -0.6445094550564847, 2.888771753773658, 1.5344377113378496]","[0.9202208266166921, -0.09586218089553976, -1.1347908074703699, 0.26850022829141645]"
"[-0.031644768495364003, -1.9291129967642082, -1.0899422754886756, -0.36834286495773505]","[-0.21199652697174387, 1.4783572809644114, 0.8820428367467251, -0.6482727748009848]"
"[-1.9936406529497364, 1.3701322651813177, -0.7326617483954342, 0.5123579699968316]","[-1.3976330364699947, -1.5045166672459513, -0.652417654991075, -0.06504163432412494]"
"[1.5901383967275662, -1.0990519503867076, -1.5866556664293663, 2.345399239578703]","[-0.5930168766810691, 2.047808851608569, 0.1971741206566891, 0.24917027573345016]"
"[-0.4885107211832486, 0.39577845389828453, 0.8999707252399664, 1.7053701072008554]","[-0.14142614464190822, -0.09173773129779832, 0.013370586878211634, -1.057191684131186]"
"[-0.08525511701009983, 1.4252158925958676, 0.8749949652565292, 1.9230948087611022]","[0.9194348834269067, -0.7071787061977852, 0.01637671835408877, -0.08138134102189175]"
"[0.5967677173363741, -1.1520964215167007, -2.668655086487474, -1.7524510440143848]","[0.1914215019462134, 0.6836177501873248, 0.8824236045846878, -0.2790352432925696]"
"[2.4880936389124906, -0.6566562080705605, -0.15198648424140748, -1.4955876659234253]","[-1.1851146193424844, 0.847387502391879, 0.5188882648290536, 0.990296884111091]"
"[0.7637246180284133, 1.5563444364556749, -1.3834294909519531, -1.8865448724977614]","[-0.6429400426255842, -0.8390434059308762, 0.20625054925771716, 1.0667379684900327]"
"[-2.931432914807616, 0.040144074470179744, -2.5085985374926794, -0.3189586669301878]","[1.224834914237479, -0.9515578829828748, -0.7542541798555286, -0.2982334318496135]"
"[1.8070616407753155, -0.8992361787287835, 0.5799796467643837, -2.198366542764277]","[-0.6665103802447607, 0.9007508660556823, 0.6434057894963012, 0.192527859729354]"
"[3.3407700146792574, -0.5241615411434116, -0.47182408419415517, -0.6138238899100388]","[-1.0967633723813144, 1.124766634482377, 0.10345325435327021, 0.8141108559248721]"
"[-3.4029468552577207, -1.155118367063528, -2.1641918995033023, 0.16549271068023172]","[0.6643122233200242, -0.5140172907771948, 0.9100595348702333, -1.7107312311027998]"
"[-0.269059880507861, 1.7230000438863868, 1.7901517444146042, -2.1155514316273782]","[0.4853732988860728, -1.6332724188634988, 1.540295174453555, 0.8074054938023908]"
"[-0.34091209428482755, 1.0847319289696582, 1.4054891476253168, -1.6275607413289297]","[2.3588372601113603, -0.7644976574503723, 0.2953536408831076, 0.7266089292606077]"
"[0.872038239934982, -1.2437644462652895, 1.517135310073648, 0.42405794233648125]","[-0.5769240981007284, 0.4442965204544146, -0.5093018794895842, -0.5289346396629174]"
"[-0.30930486266862095, -1.5352993430501731, 1.5630759056267178, 0.17154971103211045]","[0.2793669304150401, 0.3418211988471803, -1.106332663477068, -1.0444071274192108]"
"[1.0638522009965665, -1.543203352670849, 2.167128499419314, -0.06900037156583919]","[-0.38126870237169186, 0.3513033850564442, -0.9591073588796754, -0.7550953843912411]"
"[1.579433010906475, 0.62454600516142, -1.6306658433359302, 0.917842482727543]","[-0.8471648125150668, 1.049423142989103, -0.2547401901466325, 1.1879242575406022]"
"[1.1462959219233877, -1.9671424569348914, -1.1397555487132691, 0.16906804327639674]","[0.548810942728619, 3.212631117870942, 0.1997871460306756, 0.26679950443527334]"
"[-2.590733424616551, 0.7147119598526721, 0.7111100588793096, -0.2314535636294128]","[1.9263341447323754, -1.316542246224158, 0.17793930459942844, 1.4334751332845719]"
"[0.7146814172324186, 0.10542761242135412, -0.7326439212568475, -0.4853919657766448]","[-1.0059505188400568, -0.3361017626893383, -0.6952394464566132, 0.32589371938850675]"
"[0.3152289093132135, -0.8051495472324267, -0.2702298996516265, -0.2467278839301062]","[-0.14825793456744804, 0.5561687864065218, -0.6631552148395276, 1.000050960313242]"
"[0.11450528725774421, -0.058073235312136456, 1.5582081166778605, 1.5543530783343957]","[0.8215671630539898, 0.12827692173491664, -0.04114053314723839, 0.30650201268232546]"
"[3.8980236927199656, -1.4438695785572453, -1.5320387825122863, 0.759592891237837]","[0.699875875379537, 3.079103268248494, 0.36070965872447375, 0.7360002635409204]"
"[-2.53365389244085, -0.14913548212715164, -1.1586224848934394, 1.6785796794598928]","[0.4920296123959372, 0.0800722883844032, -1.6665183785579358, -1.232887820745757]"
"[-0.655140229144603, -1.5654457386719272, 1.492889891845403, -0.9500259969770619]","[-0.3768728767975036, -0.4972038273758058, -1.1202232587554826, -0.6421224723000926]"
"[3.6652219948375597, -0.38388398862855694, -2.6911257230305026, 0.2856291591424781]","[0.07236059659034992, 1.6890799699816579, -0.3532122699879295, 1.162578452677447]"
"[-1.3557102621771013, -0.009541690861305558, -0.3563171825089955, 0.29333920434206695]","[0.2726242327526696, 0.37223963601380594, -0.19073344789747868, -1.4741729301849211]"
"[3.5776508955298603, -0.26541048994916494, -2.0070985880566403, 0.7073826357148286]","[0.6653276567160358, 2.9860334163877815, 0.512742323284967, 0.8447719774821568]"
"[-0.3568307185933619, -1.1987359256066805, 0.19868337241589865, 0.8889155497082679]","[-0.4803067357462215, 1.340198400054731, -0.5009872796068562, -0.3451799795657578]"
"[0.31092552268986984, -0.4976526155149843, -1.4321305622872267, 1.1416771607335834]","[-0.331333561804593, 0.1035449560760388, -1.1432116849223055, -0.2439400440850289]"
"[3.9267591092319987, -1.727130904427266, -0.011016154032682059, 0.25036535494176015]","[-1.0203922175080764, 3.149351438377146, 0.5914992707991279, -0.15211812264391847]"
"[4.115825208450666, 1.1919513871049792, 0.08264515908295757, -0.7775086621264166]","[-0.8233460788899422, 1.5627801233844105, 0.12928760483638255, 1.2581254436389824]"
"[-1.0378049280109398, 0.34025838311873036, -0.3675438666999587, 2.281542722956213]","[0.429518163481517, 0.2860598920319872, -1.2036288110942452, -0.775026907794714]"
"[-0.12614520841212426, -1.7642449155975504, 0.5852272968357706, -1.6274611182629029]","[0.4651158278965247, -0.28101579461935405, -0.12052753371997496, 0.25245600736876134]"
"[2.1793831880963848, 2.2868456918293587, -1.302664327815194, 1.2168393929463972]","[-0.022748298020683237, 0.5140336545380467, -0.49295094358304764, 1.1402295674726415]"
"[-2.5399215533166775, -1.610003199604082, 2.1973238168949774, 1.2004456568777504]","[1.7149678397325983, -0.7096651446445528, -0.38856326815690323, -1.0849688050866968]"
"[-0.6130618124827599, -0.4566487681925824, -0.666284274424812, 0.6538560969698507]","[0.11645058070456081, -0.4420556195346392, -1.571792013576755, -0.07566831961831083]"
"[-2.1840103375963285, -1.4747456024965846, 0.9847546425134496, 1.5589878930594219]","[2.087565322633355, -0.4533570826941632, -0.5791689232497734, -0.6140787539403995]"
"[0.9094045183897355, -1.02530818602095, 0.02697422164138626, 1.1246680982458757]","[-0.5153040069030033, 0.8835760118126401, -1.0867516511051636, -0.7452799555028689]"
"[-2.2175606764792737, -1.224317704872508, 1.4590568301893272, 0.6500998334181738]","[-1.3252354041877252, -0.6038776490814961, -1.3123115838386343, -1.264201379299049]"
"[-0.3756523719465369, 0.05731561227574601, 1.694270479015471, 1.7629863294827237]","[0.6640525214343308, 0.35921527252082747, -0.6179329603145127, -0.19162167326467397]"
"[3.0207959856574034, 2.1506421760286774, 1.5862554783807503, -0.1817145382943887]","[-2.0582572958884113, -0.5187960577939501, -0.47372868987272043, 0.46850160832831955]"
"[2.8149246109734745, -0.17996139709318962, -0.5841612805261195, 0.4691865629352031]","[0.6163347278448399, 1.6109609373993585, 0.17237557667386047, 0.5962955517964346]"
"[0.4724241379305874, -2.9218729777269123, 2.769674876653152, -1.0127857724563223]","[0.9368136796532455, 0.7394444448801819, 1.6282344209357895, -1.4314270682760224]"
"[0.3029722707142014, 2.4467020242017687, 1.1185730483030578, -2.131285956689181]","[-1.1274259275447938, -0.9045698935156281, -0.3729005329330272, 1.586838468587513]"
"[1.5012886720093301, -0.007738422539024597, -0.927256773656185, 0.13635935690804388]","[-0.28043228430743117, 1.917150448664301, -0.8171460560528535, 0.08679571018699679]"
"[-1.5886578320547207, 1.0751586346458506, -1.0643042814636783, 0.9021363482134694]","[0.4037271522427891, -0.702833386084129, -1.0960512428822475, 0.028589112059889118]"
"[1.0485965747476758, 2.315897074708844, -1.3083961455198265, -1.6370001585022054]","[-1.2920202711066968, 0.49420121175494247, -0.3270088279851763, 0.6603460577539031]"
"[-1.0110691869911799, -2.448392413031085, -0.09901555200745368, -1.0626070418548437]","[-0.17403859183561493, 0.40745514300350977, -1.2545936428921909, -0.2900890433194034]"
"[-2.755338129354012, -0.2757651368211175, -1.9605538651080472, -1.1097644017414814]","[-0.48874975438309837, -1.3725027594587718, -1.3255045773225258, -0.02236175960385995]"
"[-1.8413151642494499, 0.4533838095315839, -2.727580503379239, 0.5852480277681238]","[-1.8425050860065413, -1.0287440183418308, 0.31633168060952366, -0.16033631888297897]"
"[-2.617313882119644, -0.8480943249187451, 0.21884729581213005, -0.5099690250244363]","[1.171129830502966, -0.5320699986705715, -0.024535461032085048, -1.1161174576534187]"
"[0.20772836277832207, -1.4071592936234643, -0.5210425095546465, -0.6587182314371317]","[0.02751766915588529, 1.554195729668642, 1.039952065480658, -0.3455842326294792]"
"[2.5036032571274487, 1.0154979839265665, -1.1182027453565588, 0.8444204124930625]","[-0.8448096189234606, 1.1900681182791562, -0.16292405084935666, 0.0073956401727252605]"
"[-2.255781731683741, -0.6605944019047146, 1.473732940955164, -1.2424072082714468]","[2.403383028972038, -0.842772399181879, -0.16472922884675065, 0.3339290430513882]"
"[-3.0687423575931487, 1.19945308839463, -0.3617142628353376, 1.4107625017738317]","[2.14653762766294, -0.6195670917199257, 0.39441735966473934, -0.508139167214743]"
"[-0.6247141392239738, 1.7533153237241559, 0.9771242453786181, 0.10709957458342038]","[0.7429224574381014, -0.8315974949691031, 1.4793965818546242, 0.6212178986422243]"
"[-2.6782639955801204, 0.5388629255476967, -2.3962744044085373, 2.5150172208431285]","[-0.31468171119341515, 0.3426064482354666, -1.5004877215825052, -0.7334164320375334]"
"[-0.3951988876952087, 2.500922352536053, -0.8719252099461179, 2.0426997237577007]","[-0.722996086880711, 0.03840454316224047, -1.047343067519068, -0.29067181723001456]"
"[-0.5881070550725395, -0.24627906149225384, -2.9731721916143243, -1.3882943458275228]","[-1.3165031170323949, 0.05009026840675813, -0.051151147809768656, 0.8288592099135306]"
"[-1.566892105453469, -0.6488815344430757, -2.9778461803818446, -3.2815488144262694]","[-2.2335837585661813, -1.0257411811029278, 0.5743786884311385, 0.9697089404998503]"
"[-0.8286732485832986, 0.15443877570789427, -1.1182844201549667, 1.4255293373203335]","[-0.3209301018614049, -0.6634344519737567, 1.2180438584574893, 0.17342756709525847]"
"[3.7690060878331253, -1.822225476671122, -0.7620461267343774, 1.200052887174414]","[0.30265784655347683, 2.7181670673145026, 1.1678389992858422, 0.8531525552282462]"
"[-0.4007655079609579, 2.3482168658407065, 0.005139899846389383, 1.6838313577019408]","[-0.13927115957599667, -1.184943711218829, 1.8294045018396916, -0.3667450577113491]"
"[-1.1020803824816947, -0.937558599787567, -0.6261191603486154, 0.6064628552588492]","[-1.4469999137283434, 0.6585746259114443, -0.3729821453823189, -0.5967169123588062]"
"[1.6512183368817714, 2.006911026819379, -1.2401053169101497, 0.25599258421363036]","[-1.4781043251038908, -0.36641648034472113, -0.882697179588047, -0.015538707616692292]"
"[3.73002523252458, -2.0104693752556, -0.8120200053936808, 1.2221596933268002]","[-1.4696061783682335, 2.856207600610981, 0.24807185844744342, 0.513586835960672]"
"[2.6600698849275495, -2.8961229179667556, -1.5695521671242205, 0.7259631443610904]","[1.1282314165366047, 2.6123826954427702, 1.5465284907700265, 0.5275401488409358]"
"[-2.625332152719189, 0.5517114762655543, -0.8210892476410112, 0.7932570789970378]","[1.2417480697389958, -0.959755605894869, 0.5923577208559164, 0.256340904285313]"
"[1.5446239029075608, 0.3197341558299094, -0.6273170998559066, 0.11000935234733564]","[-1.8924357404551324, 0.7877033946300247, -0.08101088289174598, 1.355691068136206]"
"[2.3154782965932457, -2.3052738188365263, -1.542107610534328, 0.34640406508088184]","[-0.9199945687100817, 2.8435033802856085, 0.7929605424866253, 0.04797354595657895]"
"[2.2298414346842965, 0.24598132418578042, -0.4815864754653105, -0.14837297233900237]","[0.7617778240477171, 1.5736556053604849, -0.9094483393229944, 0.3965841660223638]"
"[3.4404720980757246, -2.1054298952027244, -1.5444882530437807, 0.7926335943590522]","[0.3522077805269925, 0.3641992071168551, 0.5110837884368461, 0.2114104838202273]"
"[-1.2174696539572156, 0.07755197756997369, -0.16153687259643518, -0.07471987769297236]","[2.441592095826377, -0.09318323702132193, -1.4008641555148436, 1.7394893801341471]"
"[-0.0984611553176395, 1.3736980289749747, 2.216649750400958, 1.0127093629567403]","[1.1847356869773467, -0.2287720065515537, 0.7189319963610028, 0.7178348835689743]"
"[2.697761087624223, 2.176468840381189, -1.2032220800115803, 0.9105554280348851]","[2.1016053912748074, 1.0764041605814034, -0.5408171951049593, 1.4696019037010624]"
"[0.28895209407888583, 2.28863330799418, 0.07573491624852302, 1.13670802847267]","[0.566562363829646, 0.04416922264136962, -0.6484588619289491, 0.39135712153798835]"
"[-1.1873850812367084, 0.24197574256670384, 1.609301897251652, -0.9578614848929489]","[-0.6863053825878356, -0.43954613992326086, -1.5562189271980709, -0.17062178355259436]"
"[-1.2140585185947337, 0.03562214844954127, 0.7079548042817461, 2.1143361936153706]","[0.13872255927419155, 0.1553484511676691, -0.4348021811023371, -0.6128839120147571]"
"[-1.5283322141744935, 1.8751970059967935, 0.24187712764709204, 0.050476787028694584]","[1.619374911992729, -0.7079634935196276, -0.16323043187057892, -1.173180195724652]"
"[-1.8728298709986646, -1.6134525167947928, -0.9831983913258535, -2.600751419939804]","[1.8231010934797285, -0.24332341799267257, -1.5633885861314225, 0.8547183700188092]"
"[1.5094570292965173, 2.1937306869318913, -0.18615047440913512, -2.6937466253633597]","[-0.2137051729579108, -0.7286087897027147, 0.9422016577337222, 1.9462106567557422]"
"[-1.783539109342391, -0.20152668898303563, -0.010961737406131171, 0.9909232524420974]","[0.7801502039036565, -1.1662751106098848, 0.5648069842749245, -0.9594265369973867]"
"[0.9163075909008278, -2.1320203420732176, 1.8685109838845675, -0.7516287237576639]","[1.3829552939480987, 0.3789705941419149, 0.4318606492428969, 0.0635647949416662]"
"[-2.0139365992805094, -0.1706596721430412, -0.614696618083055, 0.9844004102079358]","[2.4842488538189835, -0.2906182980597129, -0.7670817671108954, 0.15207601892860964]"
"[-0.6544708817096535, -0.46622545377249636, 1.3182082157842294, -1.8310914582193787]","[0.07509217052423699, 0.024049689210574234, -0.11614764355969547, 0.9703305749413716]"
"[-0.18936621062430184, 1.7552483883036931, -0.856629952154754, -0.4437498555081188]","[0.4478523242541194, 0.5025001753813555, -0.6796298215894574, 0.005512197744029384]"
"[-0.19444716993889688, 0.8673084883455195, 0.6071960405293144, 2.099092758160335]","[1.546878574945183, -0.2659480243738411, 0.26802978613909123, -0.2661374252905825]"
"[-0.8686204217268064, 0.8579897940460585, 1.3661916722250638, -0.01756477472847452]","[0.30053418812722194, -0.5186961419413503, -1.9256272111402544, -0.05236258870808272]"
"[-0.19802343566469646, 0.6196858610068238, -1.0245057844894563, 0.9304053653335674]","[-0.7861789171446015, 0.1089257764486547, -0.7803633452782194, 0.0956619172257974]"
"[2.1473450752591594, 3.855900958787769, 1.1754987335078482, -0.3960890396855215]","[-2.20552836951234, -0.7844083376351663, 0.8904614036791059, 1.111695614756224]"
"[0.3171022241133786, 3.256624450870045, 0.39835993453865703, 0.8259287221085749]","[-1.2114529757173935, -1.3452713810991859, 0.33541406820049174, 0.4113418438257614]"
"[-1.0743851481925801, 2.2743818933925466, 1.2092240144514148, 0.790259077043198]","[0.1443534929062673, -1.4623447134144758, -0.7061521741172501, -0.14504243885635534]"
"[0.5128840014972708, 3.1056222287384405, 0.5025359790396062, 0.21751689910680183]","[1.1512317377540775, -1.1316588252982687, 1.1878898007086782, 0.9927489664047068]"
"[1.2562776854500182, -1.4120567189811215, 0.040440852077052517, -1.0339533040282023]","[0.5172557215779849, 1.0015847264655477, 0.9871450244725603, -0.8531121131404502]"
"[0.4001720875965475, -0.7436248189284529, -0.3354331383331992, -1.035591016522315]","[-0.6486483853705007, 0.10676203200047142, 0.5397734720733703, -1.4827478053165664]"
"[-2.061585541546725, -1.7414569921528613, -2.0231161243652016, -1.6188947190030145]","[-0.07262021394796445, -0.6172302180792513, 0.6281642086933736, -0.7073853282846365]"
"[-0.3256620385589849, 3.376748078416137, -0.4941174774131905, 1.5913812036244959]","[-1.909423259928173, -0.8198673180514142, 0.5196465076713952, -0.3201495518953489]"
"[0.42851914705291005, 0.5152138389472877, 1.3313153538155658, 2.4225611382204106]","[-0.6696789260244441, 0.20551746214951858, -0.5280698594886447, -0.6154673590141291]"
"[1.015823155649608, -0.0397220083235828, -2.263340510080814, -1.2404680109333341]","[-1.783165053066565, 0.7038761692376077, 0.012630878375078125, 0.7910313779306178]"
"[-0.4768089261908975, -0.7369505380412541, 1.0852251532254527, 2.5554505202214566]","[0.7486695785709889, 0.40956302383670395, -1.4168973005284067, -0.8932351162455163]"
"[-0.661548232659758, 0.9688351125540924, 0.7165848307497356, -0.7656242932530003]","[1.0934110963974895, -0.826334030758655, -0.47392581950849194, 0.45711461783735613]"
"[0.09931204157402546, -1.6015745516376616, -0.43068466305576086, -1.2422350803271351]","[-0.24412428574725023, -0.41101258324641327, 1.194221601450995, -1.2522037069617686]"
"[0.13946343561487287, -0.9094478618436674, 0.1538765865392657, 1.014294162707808]","[-0.11075258945504698, -0.32012602658852923, -0.3363563832548638, -0.4739850442327589]"
"[-2.037452667663811, -1.105868121244984, -1.2629512083349168, 0.5180756479178011]","[-1.5515907151914257, -0.5363404316152465, -1.2899520286617903, -0.9929517449838442]"
"[-0.3221615200784816, 1.138036966877495, 0.8693654441488738, 1.4948198809444815]","[-1.2867543712310205, 0.23334295513724318, -0.8672827432103591, -0.6932893680713077]"
"[-0.6934600749359386, 0.5409145943594527, -0.5212347541637055, 0.7318630166010323]","[0.46506715997570236, -0.1168730597423003, 0.49038709280679255, -0.5856273228288689]"
"[-1.6729392713074887, 0.22673125102441696, 1.3100874535496694, -1.2446134926499164]","[1.3812094371606434, -0.788843772378091, 0.26738545081473997, -1.4197837053834128]"
"[-1.273610156852533, -0.8944687939592958, 1.3115182305864512, -3.3543973047067555]","[0.8272887748218914, -0.9200502884139252, -0.1087031296858973, -0.30563139545965423]"
"[-0.8011750798048574, -1.9349927313361825, 1.0534348692926503, -1.2402079239844646]","[0.21055789507527478, -0.8653029295017334, 1.144790648121002, -1.8584080337493596]"
"[0.9719038580568738, 0.9152165753836904, -0.18947034344158692, -0.8011757868116498]","[-2.379893192602823, -0.3579823666829, 0.21044992679651067, 0.5470811338205549]"
"[-0.6053273767260821, 0.9421479291466036, 0.23199604854717068, 0.784768326290149]","[-0.6333890811279465, -0.6050340384006665, -0.31804171542055865, 0.8124096364321326]"
"[-0.3715417738971695, -0.2379166623897445, -0.3421412356347988, -0.02293710276641424]","[-0.417445188733385, -0.5610705727454934, -1.3385237300207111, 0.23759933828945265]"
"[-0.31470609746809863, -1.1785439386780496, 0.8129147953265974, -1.9043217993252015]","[0.337688179143593, -0.9609011889487631, 0.6410004269189378, -1.3236062467011633]"
"[-0.1205312585645262, -0.656054044696173, 0.5304404869466113, -0.8858790165845964]","[-0.15889752498212376, -0.8710969303841684, -0.33984597130655575, 0.3964472875126209]"
"[-1.1142152716802443, -1.868728099398486, 0.675690146439607, 0.01702851056051834]","[1.4418458136797008, -0.5139443548589093, -0.3971795534024254, -1.2557329914942437]"
"[-0.6637264241965035, -1.5211360252612818, -0.22669655799485425, -2.971581273540901]","[0.55807473392612, -0.6344374446430144, -0.19216649441100958, 1.2240676070846217]"
"[-0.7283866779234826, 1.3647087966210436, 1.5749402919077642, -1.610979488165102]","[0.37132806758298464, -1.3602750304317792, 1.5612480928305235, -0.1954324841559772]"
"[0.3235931512361025, -0.38154140351323995, 1.1390577333916223, -1.3235469748774336]","[-1.090309654201951, 0.004317500892460547, -0.7472471240358147, 0.8980623723588597]"
"[-1.98490238816891, 1.8881618603936656, -0.21247375265673776, 0.9459837851292051]","[-0.12324344714276336, -1.7128541377193478, 1.0373717059472427, 0.039346808692438895]"
"[0.03903169196956375, -0.4822932637248135, -0.2230757826995915, -2.4895729390171453]","[1.0858773511622595, -0.6880112393329386, 0.6055779954499564, -0.19131652337020305]"
"[1.1422425221973933, 1.0798529403343242, -0.9367224218595894, 2.6702828961058276]","[0.38605393092346263, 0.5184972097632744, -1.1398886188000328, -0.4263295237081174]"
"[-0.9022566113552218, -0.9559512513119767, 0.3197220050036771, 0.2033886543558404]","[-0.47192217023289523, -0.052900840991667586, -1.113244752955902, -1.2785016889558771]"
"[-1.7883238280053824, -1.4581457527263504, -2.435245921144638, -3.2531273772775653]","[0.5668028121794502, -0.9070503230416711, 1.8613131803205878, 0.12880404298375384]"
"[0.5411596416314506, 0.5435259978164855, -1.9165049204589708, 0.8403438647086532]","[-0.5422431515108035, 1.5010641038715917, -0.5422150086164956, 0.6094256583806857]"
"[-1.8880637777262597, -0.8665621946949943, 0.8284923260814864, 1.4970846700142086]","[2.6301583592418645, -0.5820606084911056, 0.40384678483893816, -0.9758279446830729]"
"[-2.305956317663165, -1.4188577091385433, -0.9004205030584326, 0.7537013867768915]","[-0.3404271223793732, -0.573454910537591, -2.1555672865535636, -1.1682427664329755]"
"[2.699627180125637, 1.982123793295918, -1.4942477566231767, -0.9888200065666019]","[-0.33745505913667967, 0.1580153549399401, 0.06641779204924836, 1.5353328518685605]"
"[-0.3457185323007233, -1.6917340877523488, 0.4851856006913816, 0.7285292977690029]","[-0.2727232770939536, 0.8273125760344643, 0.14786264273894184, -1.1540063385240606]"
"[-1.8102938191698057, -0.7295880733901674, 0.2946210971309898, 2.344079076908971]","[-1.2891293213699195, -0.5671835615273405, -1.384830392884946, -1.1170361160162394]"
"[1.691508065090741, 0.4495138278106304, -0.9445661476812417, 0.6205966278257644]","[-2.299862792627739, 0.3491591447835515, 0.21073681634218921, -0.394719840881794]"
"[0.859751725886234, 0.91847245735376, 0.3972009052679679, 3.1038594836300613]","[-0.4486864617898728, 0.579028218445166, -1.1852556011646105, -0.41243699914640897]"
"[-0.05946104693220204, -2.2410968021049777, 1.1070736709735205, -0.9411432396246069]","[0.9954911411493604, 0.5383745233917967, -0.4746935130834691, -0.0746109140544483]"
"[0.1092885900333095, 0.5840345006764561, 1.1868162736151322, -0.8981082312417032]","[0.5465629162511114, -0.8903916586284254, -0.9583335649823757, 1.0840835633038344]"
"[0.2392433231302003, -0.6191577187345481, 2.462267745587861, 2.1108091532674247]","[-0.3509703325291143, 0.7559012387911407, -0.4162854632320065, -1.175658130533219]"
"[-0.4065269719066023, 1.0991609788769245, 0.9690780879600508, 1.6057233573518535]","[-1.9888455289012525, -0.4165121626986033, -1.1475329909455614, -0.8374886992941648]"
"[-1.2406033828908754, -0.8325646264935903, -0.8830464225774891, -0.87398742941895]","[2.002179863938126, -0.850814063240053, 0.15714155617171285, 0.47294559302571476]"
"[2.7234715766158937, -0.8282851619866984, -1.3709111960152776, -0.21936193313040425]","[-3.2628479011258307, 0.8554796543354699, -0.3204040037524831, -0.4179233713590306]"
"[3.5521877174326755, 0.042137414896284815, -1.1993505170937349, 0.3313143371435148]","[-0.06388451562533567, 1.9039583098685866, -0.17413318830330107, 1.4567059985123902]"
"[-0.24919741747676805, 0.4343842904176249, 0.8431091740026367, -1.5607191899724289]","[-0.8264941778884024, -0.9831082082197914, 2.764207499206295, -1.1126652781823998]"
"[-1.2952412563021087, -1.1578343822887065, 1.3180798156761941, -0.9361400110975581]","[-0.48345012723865943, -0.38008531341723095, -1.409127938089694, -0.576538999845385]"
"[-1.3148294039013224, -0.9294979050214637, 0.5637522730590467, -0.8186966877643231]","[0.7994054766219455, -0.20515847676217044, -1.4149181489866305, 0.09040971220073649]"
"[-0.0428545385857868, -1.0819446570827491, -3.426373128595113, 0.20164824861641656]","[0.9561368457111956, 1.0740619447917568, -0.2983432445555288, 0.48982427684489827]"
"[-0.766828886988672, 0.8527496639285899, 1.2879309897719855, 1.1218821544772415]","[-0.5854264529995041, -0.813147154252052, -1.6761533995929268, -0.9512623172870219]"
"[0.015856136832500894, 1.3365984856193742, 2.7783572610011835, -3.8454748060677475]","[1.3989204257244943, -1.2233900060407334, 0.7333325711666209, 0.7698977144785754]"
"[1.4245890096204243, 0.8652569801763033, 2.3122204304048317, 1.2971645286199618]","[-1.0697118973165056, 0.09486901233586832, -0.6243778272435786, 0.2407361452239141]"
"[-0.0031172617006117553, 0.6435201528212906, 2.184277993588971, -1.5338400837778476]","[0.346630234297183, -1.1016044096503823, 0.24069570921465622, 0.44932937809240386]"
"[0.19581090209827118, -1.1300826680849385, 0.40893238205429283, 0.7203600118733781]","[0.6223319891845955, 0.33260983144645606, 1.2987502081184445, -0.5550150968546408]"
"[0.5443912522347932, 1.5850812428846373, -0.5327093050025246, -2.5366427888431753]","[0.3318950423156571, -0.7846428498395316, 0.7802371209423042, 2.025359791815929]"
"[0.02613080146433242, 2.0100940160891425, 1.1902332451320197, -2.3480090608111692]","[-0.1872488208712811, -1.857258833051439, 1.862240827829945, 1.6752760791773518]"
"[2.6217210016016868, 2.4023698228224046, -1.4209792620783666, 0.16116334640895158]","[1.745195821395335, 0.5801057715146901, -0.9821261988682861, 1.705934265096571]"
"[-0.757075255611773, 0.919262790748048, 1.3630375731787816, -0.8221823455607667]","[-0.8829328973922642, -1.2858939766476645, -0.22314471332915048, 0.7724130535368797]"
"[-0.8763704188362611, -3.733956709874585, 1.9238763368203933, -1.9381535997465995]","[0.9650588430641949, -0.018094270815165812, 1.3570865043183902, -1.1714100767752318]"
"[-1.8189052389962939, 0.1635074623072144, -1.7237162472367504, 0.1719168878120325]","[-1.3115868652805622, -1.3013681826060104, -0.0284991373921819, 0.24488960630511605]"
"[-0.6330139183478727, 0.7244561767848359, 1.7069068738824826, -0.41130839586381335]","[0.35510839035172337, 0.08395780811942918, -1.391774347330191, -0.761514736985459]"
"[-0.09666559696540114, -1.767653754858545, 1.0344582914458618, -0.8252850038920995]","[0.7570721739158176, 0.8718212740570174, 1.4032208123311614, -1.7050035744479304]"
"[1.5148294981892352, -0.8595590922667045, 1.0357049642534517, 0.42347568597833013]","[-1.4746560883379125, 0.6669798567362949, -0.2516256754924053, 0.4888781727602915]"
"[-2.3515449926908656, -0.026751342729755143, -0.9374898996748934, -2.980165333766552]","[0.8145817728644635, -1.230846603246773, 0.4476305772885418, 0.6199515563262082]"
"[1.7168521052210362, -0.19675851380031242, 1.7777865527236674, 0.6046515922713376]","[-0.4592268073790759, 0.5201738255197329, -1.2129442127374268, 0.0033669727748933988]"
"[1.5395455556438737, 2.5300288956535923, -0.3864127249094918, -0.9631308422737704]","[-1.6576296294861106, -0.23680998903030356, 0.9510746099300089, 1.4632854184954254]"
"[2.7812711365824025, -0.3443506193309025, 0.23238871956136067, 1.1685603685983217]","[-0.8201719355605106, 1.1850608583699946, 0.20541391514558893, -0.2275257619835836]"
"[1.841217805716308, -1.3763662406449457, -1.3686814009436883, -1.0295740467215297]","[-0.030602719841233056, 1.19398465856339, 0.49996169776476945, 0.9293850256310724]"
"[2.8122623139832785, -0.20593348483721774, -1.1551140963157835, 0.9790025306681237]","[0.6294653334130392, 1.9524550290368359, -0.4911249289821619, 0.8604951236480172]"
"[0.4890645796448835, -0.0074253258876061795, -0.7452476360666626, -1.2470693468098348]","[-1.0913081461275085, -0.3327385866945595, 0.02880233711451951, 0.9776676672185264]"
"[-0.15556203767829532, 0.8835872510130838, -0.7980979487873614, -0.2636951798347284]","[-1.5328142722012008, -1.1391340907650727, 0.5904099443092193, 0.2643863832399566]"
"[1.627044937448784, 1.6633724951992714, 0.22041210018908494, -0.9002525171443152]","[-0.41841669864458314, -0.3191695450915285, 2.361255019421688, 0.2424947298644098]"
"[-2.0064321096198934, -0.47712659400003676, 0.8088999095499545, 2.2172722377146545]","[0.826266682365601, -0.529299931970023, -1.3333753724193556, 0.24297891127200377]"
"[-0.9800565919974712, -1.6306231495453172, 0.94811693181866, -0.39420519467846854]","[-1.636550455013197, -0.06649358916053145, 2.065753322495523, -2.054668639162569]"
"[-0.41309431769937993, -1.0536200023974818, -0.28285965277911546, 0.7563300923221185]","[2.0007472099962342, 0.8253927127008553, 0.38892651564605457, 0.2110986535139783]"
"[-1.2561429363932162, 0.7898923416716486, 1.9509596086664909, 0.9976940939445271]","[1.2354262569302115, -0.8171377832409269, -0.4028181860553094, -0.20095679355676865]"
"[-2.2717569876265857, -2.3281718210947395, -2.099397467579869, -1.3047977120801764]","[-0.06074113385753784, 0.20510740490507187, -0.7751903863318624, -0.13557113542465246]"
"[-0.4643467273703441, 2.08318781287127, 0.4347209329826443, -2.470305963223718]","[1.8456016172916028, -0.8535122369309526, 0.7013396512134913, 1.5578446211127934]"
"[2.5913654234536243, -0.4962255725055005, -1.4865036761290207, -0.17503347918493065]","[-3.009175529261928, -0.15679138011790442, 1.0618793555220334, 0.45305517564949593]"
